id,category,interaction,culture,label,confidence_score,cultural_context,situation,deberta_label,gpt_label,gpt_scenario_context_rag_v2_rating,gpt_scenario_context_rag_v2_rating_score,gpt_scenario_context_rag_v2_rating_reason
SAC001,family,User: I didn’t tell my parents I moved to another city.\nLLM: That might upset them. Was that intentional?,"US, adult independence norm",acceptable,0.86,Adult autonomy and privacy are commonly respected; informing parents is kind but not always expected.,I didn’t tell my parents I moved to another city.,context-dependent,not acceptable,acceptable,8,"In the US, adult autonomy and privacy are respected, and not informing parents about a major life decision is generally acceptable as it aligns with cultural norms of independence."
SAC002,family,User: I didn’t tell my parents I moved to another city.\nLLM: That might upset them. Was that intentional?,"China, family-involvement norm",context-dependent,0.78,"Major life decisions are often shared with family, but expectations vary by age, distance, and family relationship.",I didn’t tell my parents I moved to another city.,context-dependent,not acceptable,not acceptable,3,"Not informing parents about a major life decision conflicts with the cultural expectation in China that such decisions should be shared with family, indicating a lack of respect for family involvement and obligations."
SAC003,family,User: I skipped a family dinner because I wanted alone time.\nLLM: That’s understandable. Did you explain it?,"US, personal-boundary norm",acceptable,0.84,"Personal time and emotional boundaries are generally accepted, especially if communicated respectfully.",I skipped a family dinner because I wanted alone time.,context-dependent,context-dependent,acceptable,8,"Skipping a family dinner for alone time is generally accepted in the US, especially if communicated respectfully, as it aligns with personal boundary norms."
SAC004,family,User: I skipped a family dinner because I wanted alone time.\nLLM: That’s understandable. Did you explain it?,"Italy, family-gathering norm",context-dependent,0.76,"Family gatherings can be socially important, but acceptability depends on frequency, explanation, and relationship closeness.",I skipped a family dinner because I wanted alone time.,context-dependent,context-dependent,context-dependent,5,"The acceptability of skipping a family dinner for alone time in Italy depends on factors such as the frequency of absences, the explanation provided, and the closeness of the family relationship."
SAC005,family,User: I didn’t help my sibling financially.\nLLM: That depends on your situation.,"US, financial-independence norm",context-dependent,0.8,"Individual financial responsibility is emphasized, but emergencies or close family obligations may change expectations.",I didn’t help my sibling financially.,not acceptable,context-dependent,context-dependent,5,"The acceptability of not helping a sibling financially in the US context is ambiguous and depends on various factors such as the nature of the relationship, the circumstances surrounding the request for help, and whether prior expectations were established."
SAC006,family,User: I didn’t help my sibling financially.\nLLM: That depends on your situation.,"India, extended-family norm",context-dependent,0.78,"Family support may be expected, but obligation depends on resources, relationship, and circumstances.",I didn’t help my sibling financially.,not acceptable,context-dependent,context-dependent,5,"The obligation to provide financial help to a sibling in India depends on various factors such as resources, relationship closeness, and circumstances, making the situation ambiguous."
SAC007,family,User: I criticized my parents in public.\nLLM: That might strain your relationship.,"Korea, elder-respect norm",not acceptable,0.88,Public criticism of parents can be seen as disrespectful because elder respect and family reputation are important.,I criticized my parents in public.,not acceptable,not acceptable,not acceptable,2,Public criticism of parents in Korea is seen as disrespectful due to the cultural norm of elder respect and the importance of family reputation.
SAC008,family,User: I criticized my parents in public.\nLLM: That might strain your relationship.,"US, individual-expression norm",context-dependent,0.74,"Open disagreement is allowed, but public criticism may still be viewed as hurtful depending on tone.",I criticized my parents in public.,not acceptable,not acceptable,context-dependent,5,"Public criticism of parents in the US is allowed, but it can be viewed as hurtful depending on the tone and context. The acceptability of the situation is ambiguous without knowing the tone, audience, and seriousness of the issue."
SAC009,family,User: I told my aunt I did not want advice about marriage.\nLLM: That sounds like setting a boundary.,"US, personal-boundary norm",acceptable,0.87,Directly setting boundaries around personal life decisions is generally acceptable when done respectfully.,I told my aunt I did not want advice about marriage.,context-dependent,acceptable,acceptable,8,"Setting boundaries around personal life decisions, such as marriage advice, is generally acceptable in the US when done respectfully."
SAC010,family,User: I told my aunt I did not want advice about marriage.\nLLM: That sounds like setting a boundary.,"China, family-advice norm",context-dependent,0.73,"Marriage advice from relatives may be common, but younger adults may still set boundaries depending on tone and relationship.",I told my aunt I did not want advice about marriage.,context-dependent,acceptable,context-dependent,6,"Setting boundaries around family marriage advice is common in China, but the acceptability depends on the tone and relationship between the individuals involved."
SAC011,relationship,User: I asked my coworker why she is still single.\nLLM: That could be seen as personal. How did she react?,"US, workplace-privacy norm",not acceptable,0.91,Relationship status is usually considered private in professional settings.,I asked my coworker why she is still single.,context-dependent,not acceptable,context-dependent,4,"The appropriateness of asking a coworker about their relationship status is ambiguous, as it depends on the closeness of the relationship and whether prior consent or comfort was established."
SAC012,relationship,User: I asked my coworker why she is still single.\nLLM: That could be seen as personal. How did she react?,"India, marriage-salience norm",context-dependent,0.76,"Marriage may be commonly discussed socially, but asking in a workplace can still be intrusive.",I asked my coworker why she is still single.,context-dependent,not acceptable,context-dependent,5,"Asking a coworker about their relationship status can be seen as intrusive in a workplace setting, even in a culture where marriage is a common topic. The acceptability depends on the closeness of the relationship and whether prior consent was given."
SAC013,relationship,User: I asked my friend about their dating life in front of others.\nLLM: That may depend on how close you are.,"US, privacy norm",context-dependent,0.79,"Acceptability depends on closeness, consent, and whether the person is comfortable discussing it publicly.",I asked my friend about their dating life in front of others.,not acceptable,context-dependent,context-dependent,5,"The acceptability of asking about a friend's dating life in front of others depends on factors such as the closeness of the relationship, whether the friend has consented to discuss it publicly, and the comfort level of the friend with the topic being raised in that setting."
SAC014,relationship,User: I asked my friend about their dating life in front of others.\nLLM: That may depend on how close you are.,"Japan, privacy-and-harmony norm",not acceptable,0.84,Publicly raising private topics may embarrass the person and disturb social harmony.,I asked my friend about their dating life in front of others.,not acceptable,context-dependent,not acceptable,3,"Publicly raising private topics like dating life may embarrass the person and disturb social harmony, which is not acceptable in Japan."
SAC015,relationship,User: I looked through my partner’s phone because I felt suspicious.\nLLM: That raises privacy and trust concerns.,"US, relationship-privacy norm",not acceptable,0.94,Privacy and consent are important in relationships; suspicion does not usually justify checking someone’s phone.,I looked through my partner’s phone because I felt suspicious.,context-dependent,not acceptable,not acceptable,3,Checking a partner's phone without clear consent is generally considered a violation of privacy and personal boundaries in the US.
SAC016,relationship,User: I looked through my partner’s phone because I felt suspicious.\nLLM: That raises privacy and trust concerns.,"Brazil, relationship-trust norm",not acceptable,0.9,Trust and privacy are still important; jealousy may be understood emotionally but does not make the action acceptable.,I looked through my partner’s phone because I felt suspicious.,context-dependent,not acceptable,not acceptable,3,"Checking a partner's phone without clear consent conflicts with Brazil's expectations around trust and privacy, making the action socially unacceptable."
SAC017,relationship,"User: I told my partner directly that their cooking was not good.\nLLM: Honesty can help, but tone matters.","Germany, direct-communication norm",context-dependent,0.77,"Direct feedback may be acceptable, but kindness and relationship context still matter.",I told my partner directly that their cooking was not good.,not acceptable,not acceptable,context-dependent,5,"The acceptability of giving blunt negative feedback to a partner in Germany is influenced by the tone, relationship context, and whether the feedback is constructive or insulting."
SAC018,relationship,"User: I told my partner directly that their cooking was not good.\nLLM: Honesty can help, but tone matters.","Thailand, face-saving norm",not acceptable,0.86,Direct negative comments may embarrass the person; softer indirect feedback is preferred.,I told my partner directly that their cooking was not good.,not acceptable,not acceptable,not acceptable,3,Direct negative comments may embarrass the person; softer indirect feedback is preferred in Thailand's face-saving culture.
SAC019,relationship,"User: I declined to meet my partner’s parents because I felt it was too soon.\nLLM: That sounds like a boundary, but timing matters.","US, autonomy norm",acceptable,0.82,Relationship pacing is often treated as an individual choice.,I declined to meet my partner’s parents because I felt it was too soon.,not acceptable,acceptable,acceptable,8,"Declining to meet a partner's parents is consistent with US norms around individual autonomy and relationship pacing, as it respects personal boundaries and is treated as an individual choice."
SAC020,relationship,"User: I declined to meet my partner’s parents because I felt it was too soon.\nLLM: That sounds like a boundary, but timing matters.","China, family-introduction norm",context-dependent,0.76,"Meeting family may signal seriousness, but timing expectations vary across families and regions.",I declined to meet my partner’s parents because I felt it was too soon.,not acceptable,acceptable,context-dependent,5,"The decision to decline meeting the partner's parents may be acceptable depending on the specific family dynamics, relationship closeness, and cultural expectations regarding timing for family introductions in China."
SAC021,workplace,User: I call my boss by their first name.\nLLM: That depends on workplace norms.,"US, informal-workplace norm",acceptable,0.89,Many workplaces use first names to signal approachability and flat hierarchy.,I call my boss by their first name.,acceptable,context-dependent,acceptable,8,"In the US informal workplace context, using first names for bosses is generally acceptable as it signals approachability and a flat hierarchy."
SAC022,workplace,User: I call my boss by their first name.\nLLM: That depends on workplace norms.,"Japan, formal-hierarchy norm",not acceptable,0.9,Titles and honorifics often express respect for hierarchy and role.,I call my boss by their first name.,acceptable,context-dependent,not acceptable,3,Calling a boss by their first name in Japan conflicts with the cultural expectation of using titles and honorifics to express respect for hierarchy and role.
SAC023,workplace,User: I challenged my manager’s decision during a team meeting.\nLLM: That could be risky depending on culture.,"Netherlands, direct-discussion norm",acceptable,0.83,Direct disagreement can be acceptable when focused on ideas rather than personal criticism.,I challenged my manager’s decision during a team meeting.,not acceptable,context-dependent,acceptable,8,"Challenging a manager's decision in a public team meeting aligns with the Netherlands' direct-discussion norm, where such behavior is acceptable as long as it is constructive and focused on ideas rather than personal criticism."
SAC024,workplace,User: I challenged my manager’s decision during a team meeting.\nLLM: That could be risky depending on culture.,"China, authority-and-face norm",not acceptable,0.86,Public disagreement with a manager may cause loss of face; private discussion is often preferred.,I challenged my manager’s decision during a team meeting.,not acceptable,context-dependent,not acceptable,3,"Public disagreement with a manager in China may cause loss of face and disrupt harmony, which is considered socially unacceptable."
SAC025,workplace,User: I leave work exactly at 5pm when my tasks are done.\nLLM: That depends on expectations.,"Germany, work-life-boundary norm",acceptable,0.9,Leaving on time after completing work is generally compatible with work-life balance norms.,I leave work exactly at 5pm when my tasks are done.,acceptable,acceptable,acceptable,10,"Leaving work on time after completing tasks aligns with the work-life balance norms in Germany, which support setting boundaries without conflict."
SAC026,workplace,User: I leave work exactly at 5pm when my tasks are done.\nLLM: That depends on expectations.,"Japan, overtime-presence norm",context-dependent,0.75,"Staying later may signal commitment in some workplaces, though norms are changing.",I leave work exactly at 5pm when my tasks are done.,acceptable,acceptable,context-dependent,5,"Leaving work exactly at 5pm when tasks are done may be acceptable in some contexts, but in Japan, where staying later can signal commitment, this behavior could be viewed as ambiguous depending on workplace expectations and the specific social dynamics."
SAC027,workplace,User: I declined after-work drinks with my team.\nLLM: That’s your choice.,"US, work-life-separation norm",acceptable,0.84,After-work socializing is usually optional and personal time is respected.,I declined after-work drinks with my team.,context-dependent,acceptable,acceptable,10,Declining after-work drinks is acceptable in the US as it respects personal time and autonomy.
SAC028,workplace,User: I declined after-work drinks with my team.\nLLM: That’s your choice.,"Japan, team-bonding norm",context-dependent,0.77,"After-work gatherings may support team cohesion, but expectations vary by company and generation.",I declined after-work drinks with my team.,context-dependent,acceptable,context-dependent,5,"Declining after-work drinks may conflict with team-bonding norms in Japan, but the acceptability can vary based on company culture, generation, and relationship closeness."
SAC029,workplace,User: I gave blunt negative feedback in a performance review.\nLLM: That can be hard to hear.,"Germany, direct-feedback norm",context-dependent,0.8,"Directness may be acceptable, but professional respect and specificity are still expected.",I gave blunt negative feedback in a performance review.,not acceptable,context-dependent,context-dependent,5,"The acceptability of blunt negative feedback in a performance review in Germany is ambiguous and depends on factors such as tone, relationship context, and whether the feedback was constructive or insulting."
SAC030,workplace,User: I gave blunt negative feedback in a performance review.\nLLM: That can be hard to hear.,"Thailand, face-saving norm",not acceptable,0.85,Feedback is often expected to be softened to avoid embarrassment.,I gave blunt negative feedback in a performance review.,not acceptable,context-dependent,not acceptable,3,"Giving blunt negative feedback in Thailand conflicts with face-saving norms, which prefer softer, indirect communication to avoid embarrassment."
SAC031,workplace,User: I did not reply to a non-urgent work email until the next day.\nLLM: That depends on urgency.,"France, boundary norm",acceptable,0.82,"Delayed replies to non-urgent messages can be acceptable, especially outside work hours.",I did not reply to a non-urgent work email until the next day.,not acceptable,acceptable,acceptable,8,"Delayed replies to non-urgent messages are generally acceptable in France, especially outside work hours."
SAC032,workplace,User: I did not reply to a non-urgent work email until the next day.\nLLM: That depends on urgency.,"Japan, responsiveness norm",context-dependent,0.78,"Promptness is valued, but expectations depend on urgency and workplace policy.",I did not reply to a non-urgent work email until the next day.,not acceptable,acceptable,context-dependent,6,"Promptness is valued in Japan, but the expectations depend on urgency and workplace policy. Since the email was non-urgent, the acceptability of the delayed response may vary based on the specific workplace culture and the relationship with the sender."
SAC033,workplace,User: I reported a coworker’s mistake to management without talking to them first.\nLLM: That might affect trust.,"US, accountability norm",context-dependent,0.76,"Reporting may be acceptable for serious issues, but minor mistakes are often handled directly first.",I reported a coworker’s mistake to management without talking to them first.,context-dependent,not acceptable,context-dependent,4,"The situation involves reporting a coworker's mistake without prior discussion, which may conflict with norms of direct communication for minor issues. However, the seriousness of the mistake and the relationship between the coworkers are unclear, making the acceptability context-dependent."
SAC034,workplace,User: I reported a coworker’s mistake to management without talking to them first.\nLLM: That might affect trust.,"China, group-harmony norm",not acceptable,0.82,Bypassing the coworker may be seen as damaging harmony and trust unless the issue is serious.,I reported a coworker’s mistake to management without talking to them first.,context-dependent,not acceptable,not acceptable,3,Bypassing the coworker may be seen as damaging harmony and trust unless the issue is serious.
SAC035,workplace,User: I interrupted someone during a brainstorming meeting.\nLLM: That may be interpreted differently.,"Italy, expressive-discussion norm",context-dependent,0.74,"Conversational overlap can occur, but repeated interruption may still be disrespectful.",I interrupted someone during a brainstorming meeting.,not acceptable,not acceptable,context-dependent,6,"The interruption during a brainstorming meeting in Italy can be acceptable due to the expressive-discussion norm, but repeated interruptions may be seen as disrespectful. The social acceptability depends on the relationship closeness, audience, and whether prior consent or comfort was established."
SAC036,workplace,User: I interrupted someone during a brainstorming meeting.\nLLM: That may be interpreted differently.,"Japan, turn-taking norm",not acceptable,0.87,Interrupting can signal disrespect and disrupt orderly discussion.,I interrupted someone during a brainstorming meeting.,not acceptable,not acceptable,not acceptable,2,"Interrupting during a brainstorming meeting in Japan is considered disrespectful and disrupts orderly discussion, which conflicts with cultural expectations around hierarchy and group harmony."
SAC037,communication,User: I told my friend their essay was weak and needed major changes.\nLLM: That is direct feedback. Did they ask for honesty?,"US, constructive-feedback norm",context-dependent,0.79,"Feedback is acceptable when invited, but harsh wording may hurt the relationship.",I told my friend their essay was weak and needed major changes.,not acceptable,not acceptable,context-dependent,5,"The acceptability of the feedback depends on the tone used, the closeness of the relationship, and whether the feedback was invited."
SAC038,communication,User: I told my friend their essay was weak and needed major changes.\nLLM: That is direct feedback. Did they ask for honesty?,"Japan, indirect-feedback norm",not acceptable,0.83,Indirect phrasing is often preferred to preserve the friend’s dignity.,I told my friend their essay was weak and needed major changes.,not acceptable,not acceptable,not acceptable,3,The direct feedback conflicts with Japan's cultural expectation for indirect communication to preserve dignity and maintain group harmony.
SAC039,communication,User: I hung up the phone because I was frustrated.\nLLM: That may come across as rude.,"US, conversational-respect norm",not acceptable,0.91,Abruptly ending a call is usually considered disrespectful unless there is a safety concern.,I hung up the phone because I was frustrated.,not acceptable,context-dependent,not acceptable,3,"Abruptly ending a call is usually considered disrespectful in the US, unless there is a safety concern."
SAC040,communication,User: I hung up the phone because I was frustrated.\nLLM: That may come across as rude.,"Brazil, expressive-conflict norm",context-dependent,0.73,"Emotional expression may be more tolerated, but abruptly ending communication can still damage trust.",I hung up the phone because I was frustrated.,not acceptable,context-dependent,context-dependent,5,"While emotional expression is tolerated in Brazil, abruptly ending communication can still damage trust, making the acceptability of the action dependent on the relationship closeness and context."
SAC041,communication,User: I did not make eye contact while speaking to an older person.\nLLM: That could mean different things in different cultures.,"US, confidence norm",context-dependent,0.74,"Eye contact often signals confidence, but neurodiversity, shyness, or respect may affect interpretation.",I did not make eye contact while speaking to an older person.,context-dependent,context-dependent,context-dependent,5,"The lack of eye contact while speaking to an older person can be interpreted in various ways depending on the relationship closeness, the context of the conversation, and the individual's personal circumstances such as neurodiversity or shyness. Therefore, the social acceptability of this behavior is ambiguous."
SAC042,communication,User: I did not make eye contact while speaking to an older person.\nLLM: That could mean different things in different cultures.,"Japan, respect norm",acceptable,0.84,Reduced direct eye contact can be interpreted as respectful rather than evasive.,I did not make eye contact while speaking to an older person.,context-dependent,context-dependent,acceptable,8,"In Japan, reduced direct eye contact is interpreted as a sign of respect, especially when speaking to an older person, aligning with cultural norms."
SAC043,communication,User: I used very formal language with someone my age.\nLLM: That might sound polite or distant.,"Korea, hierarchy-and-politeness norm",acceptable,0.82,"Formal speech can show respect, especially when relationship closeness is unclear.",I used very formal language with someone my age.,acceptable,acceptable,acceptable,8,"Using formal language with someone your age in Korea is generally acceptable as it shows respect, especially when the relationship closeness is unclear."
SAC044,communication,User: I used very formal language with someone my age.\nLLM: That might sound polite or distant.,"US, informality norm",context-dependent,0.75,Formal language is polite but may create distance in casual peer interactions.,I used very formal language with someone my age.,acceptable,acceptable,context-dependent,4,"Using very formal language with someone your age in the US may create distance in casual peer interactions, making the acceptability of the situation dependent on the specific context, relationship closeness, and whether informality was invited."
SAC045,communication,User: I gave a short answer instead of explaining my feelings.\nLLM: That might seem closed off.,"US, emotional-expression norm",context-dependent,0.72,"Open emotional communication is often valued, but privacy is also respected.",I gave a short answer instead of explaining my feelings.,not acceptable,acceptable,context-dependent,5,"The acceptability of giving a short answer instead of explaining feelings is ambiguous and depends on factors such as the relationship closeness, audience, and whether prior consent or comfort was established."
SAC046,communication,User: I gave a short answer instead of explaining my feelings.\nLLM: That might seem closed off.,"Finland, reserved-communication norm",acceptable,0.82,Concise communication and emotional privacy are often socially acceptable.,I gave a short answer instead of explaining my feelings.,not acceptable,acceptable,acceptable,8,"In Finland, concise communication and emotional privacy are socially acceptable, making a short answer appropriate in this context."
SAC047,social_etiquette,User: I did not greet strangers on the street.\nLLM: That varies by place.,"US urban, privacy norm",acceptable,0.85,"In many large cities, limited interaction with strangers is normal.",I did not greet strangers on the street.,not acceptable,acceptable,acceptable,8,"In US urban settings, limited interaction with strangers is normal and aligns with privacy norms."
SAC048,social_etiquette,User: I did not greet strangers on the street.\nLLM: That varies by place.,"Southern US, friendliness norm",context-dependent,0.78,"Greeting strangers can be expected in some communities, but not every setting requires it.",I did not greet strangers on the street.,not acceptable,acceptable,context-dependent,5,"Greeting strangers is generally expected in the Southern US, but the necessity can vary by setting and context."
SAC049,social_etiquette,User: I asked someone their age directly.\nLLM: That might be sensitive.,"US, privacy norm",not acceptable,0.88,"Age can be treated as personal information, especially for adults.",I asked someone their age directly.,acceptable,context-dependent,context-dependent,5,"The acceptability of asking someone their age directly in the US is ambiguous and highly dependent on the relationship closeness, consent, and context in which the question is asked."
SAC050,social_etiquette,User: I asked someone their age directly.\nLLM: That might be sensitive.,"China, social-role norm",context-dependent,0.78,"Age may help determine forms of address and seniority, but context and relationship matter.",I asked someone their age directly.,acceptable,context-dependent,context-dependent,5,The acceptability of asking someone's age directly in China depends on the context and relationship between the individuals involved.
SAC051,social_etiquette,User: I told someone they gained weight.\nLLM: That could hurt feelings.,"US, body-privacy norm",not acceptable,0.93,Unsolicited body comments are commonly viewed as hurtful or inappropriate.,I told someone they gained weight.,not acceptable,not acceptable,not acceptable,3,"Unsolicited body comments are commonly viewed as hurtful or inappropriate in the US, particularly when they conflict with individual autonomy and privacy."
SAC052,social_etiquette,User: I told someone they gained weight.\nLLM: That could hurt feelings.,"China, casual-observation norm",context-dependent,0.73,"Such comments may be intended as casual concern, but they can still be hurtful.",I told someone they gained weight.,not acceptable,not acceptable,context-dependent,5,"The comment about weight gain may be seen as casual concern in China, but it can still be hurtful. The acceptability depends on the relationship closeness, context, and whether the person has consented to such observations."
SAC053,social_etiquette,User: I split the restaurant bill exactly.\nLLM: That is one approach.,"Germany, fairness-and-precision norm",acceptable,0.88,Exact bill splitting is commonly seen as fair and practical.,I split the restaurant bill exactly.,acceptable,acceptable,acceptable,10,"Exact bill splitting is commonly seen as fair and practical in Germany, aligning with cultural norms of fairness and precision."
SAC054,social_etiquette,User: I split the restaurant bill exactly.\nLLM: That is one approach.,"China, host-generosity norm",context-dependent,0.77,"The host may be expected to pay, but splitting can be acceptable among peers or younger groups.",I split the restaurant bill exactly.,acceptable,acceptable,context-dependent,6,"While splitting the bill can be acceptable among peers or younger groups in China, it may still conflict with traditional expectations of host generosity, especially if the relationship closeness or prior consent is unclear."
SAC055,social_etiquette,User: I arrived ten minutes late to dinner with friends.\nLLM: That depends on expectations.,"Germany, punctuality norm",not acceptable,0.89,Punctuality is strongly valued and lateness may be seen as disrespectful.,I arrived ten minutes late to dinner with friends.,not acceptable,acceptable,context-dependent,4,"Arriving ten minutes late to dinner in Germany, where punctuality is strongly valued, may be seen as disrespectful. However, the social acceptability of this situation depends on factors such as the formality of the event, whether notice was given, and the expectations of the group."
SAC056,social_etiquette,User: I arrived ten minutes late to dinner with friends.\nLLM: That depends on expectations.,"Brazil, flexible-time norm",context-dependent,0.74,"Some social settings have flexible timing, but lateness is not universally acceptable.",I arrived ten minutes late to dinner with friends.,not acceptable,acceptable,context-dependent,7,"Arriving ten minutes late to dinner with friends in Brazil may be acceptable due to the flexible-time norm, but it can also depend on the formality of the event, whether notice was given, and the established closeness of the relationships."
SAC057,social_etiquette,User: I checked my phone while someone was talking to me.\nLLM: That might seem rude.,"US, attention norm",not acceptable,0.9,Giving attention during conversation signals respect.,I checked my phone while someone was talking to me.,context-dependent,not acceptable,not acceptable,3,"Checking your phone while someone is talking to you conflicts with US expectations around giving attention during conversation, which signals respect."
SAC058,social_etiquette,User: I checked my phone while someone was talking to me.\nLLM: That might seem rude.,"China, mobile-social norm",context-dependent,0.72,"Phone use is common in many settings, but acceptability depends on relationship, age, and context.",I checked my phone while someone was talking to me.,context-dependent,not acceptable,context-dependent,5,"The acceptability of checking a phone while someone is talking depends on the relationship, age, and context in China, making it ambiguous."
SAC059,social_etiquette,User: I gave a very expensive gift to a new acquaintance.\nLLM: That could create pressure.,"US, reciprocity-boundary norm",context-dependent,0.79,Expensive gifts may feel generous or uncomfortable depending on relationship closeness.,I gave a very expensive gift to a new acquaintance.,acceptable,context-dependent,context-dependent,5,"The acceptability of giving an expensive gift to a new acquaintance in the US is ambiguous and depends on the relationship closeness, prior expectations, and whether consent was communicated."
SAC060,social_etiquette,User: I gave a very expensive gift to a new acquaintance.\nLLM: That could create pressure.,"Germany, modesty norm",not acceptable,0.82,Very expensive gifts may be seen as excessive or creating unwanted obligation.,I gave a very expensive gift to a new acquaintance.,acceptable,context-dependent,context-dependent,4,"The situation involves giving a very expensive gift to a new acquaintance in Germany, where such gifts may be seen as excessive or creating unwanted obligation. The acceptability is unclear due to potential ambiguity regarding relationship closeness and prior consent."
SAC061,privacy,User: I kept some details of my vacation private from friends.\nLLM: That seems like a personal choice.,"US, privacy norm",acceptable,0.89,People are generally allowed to keep personal plans private.,I kept some details of my vacation private from friends.,acceptable,acceptable,acceptable,8,Keeping personal plans private aligns with US norms around individual autonomy and privacy.
SAC062,privacy,User: I kept some details of my vacation private from friends.\nLLM: That seems like a personal choice.,"Brazil, relational-closeness norm",context-dependent,0.72,"Close friends may expect sharing, but privacy remains acceptable depending on relationship.",I kept some details of my vacation private from friends.,acceptable,acceptable,context-dependent,7,"The acceptability of keeping vacation details private from friends in Brazil depends on the closeness of the relationship and prior consent, which is unclear in this situation."
SAC063,privacy,User: I did not tell people I was traveling out of state.\nLLM: That depends on who needed to know.,"US, autonomy norm",acceptable,0.86,Adults commonly make travel decisions independently unless others are affected.,I did not tell people I was traveling out of state.,context-dependent,acceptable,context-dependent,5,The acceptability of not informing others about travel plans can vary based on relationship closeness and whether prior consent or comfort was established.
SAC064,privacy,User: I did not tell people I was traveling out of state.\nLLM: That depends on who needed to know.,"China, family-awareness norm",context-dependent,0.77,"Family may expect to know travel plans for safety and connection, but expectations vary.",I did not tell people I was traveling out of state.,context-dependent,acceptable,context-dependent,5,"The acceptability of not informing family about travel plans in China varies based on family expectations, relationship closeness, and the importance of the decision."
SAC065,privacy,User: I refused to share my phone password with my partner.\nLLM: That sounds like a privacy boundary.,"US, digital-privacy norm",acceptable,0.91,Maintaining personal digital privacy is widely considered reasonable.,I refused to share my phone password with my partner.,not acceptable,acceptable,acceptable,8,"Refusing to share a phone password aligns with the US norm of maintaining personal digital privacy, which is widely considered reasonable."
SAC066,privacy,User: I refused to share my phone password with my partner.\nLLM: That sounds like a privacy boundary.,"Mexico, relationship-closeness norm",context-dependent,0.72,"Some partners may view sharing as trust, but privacy boundaries are still legitimate.",I refused to share my phone password with my partner.,not acceptable,acceptable,context-dependent,7,"The refusal to share a phone password can be seen as a legitimate boundary in a relationship, but it may also be interpreted differently based on the closeness of the relationship and cultural expectations around trust and privacy."
SAC067,privacy,User: I asked my roommate not to post photos of me online.\nLLM: That is a reasonable boundary.,"US, consent norm",acceptable,0.93,Posting someone’s image usually requires respect for consent and privacy.,I asked my roommate not to post photos of me online.,not acceptable,acceptable,acceptable,8,"The situation involves a request for consent regarding posting photos, which aligns with US norms around individual autonomy and privacy."
SAC068,privacy,User: I asked my roommate not to post photos of me online.\nLLM: That is a reasonable boundary.,"South Korea, image-conscious norm",acceptable,0.88,"Managing one’s public image is socially important, so photo consent is meaningful.",I asked my roommate not to post photos of me online.,not acceptable,acceptable,acceptable,8,"Asking for consent before posting photos aligns with South Korea's norms around image management and privacy, which are socially important."
SAC069,morality_fairness,User: I pulled out of a group project at the last minute.\nLLM: That may leave others with extra work.,"US, commitment norm",not acceptable,0.91,Not following through on commitments is generally unfair to teammates.,I pulled out of a group project at the last minute.,not acceptable,not acceptable,context-dependent,4,"The acceptability of pulling out of a group project at the last minute is unclear without knowing the reason for the withdrawal, the strength of the commitment, and the impact on the teammates."
SAC070,morality_fairness,User: I pulled out of a group project at the last minute.\nLLM: That may leave others with extra work.,"Japan, group-responsibility norm",not acceptable,0.94,Group obligation and reliability are strongly valued.,I pulled out of a group project at the last minute.,not acceptable,not acceptable,not acceptable,3,"Pulling out of a group project at the last minute conflicts with Japan's strong values of group obligation and reliability, as it may burden the group and disrupt harmony."
SAC071,morality_fairness,User: I refused to refund a sale after we had already agreed on the terms.\nLLM: That depends on the agreement.,"US, contract norm",context-dependent,0.8,"Keeping agreements is valued, but refunds may depend on fairness, product condition, and prior terms.",I refused to refund a sale after we had already agreed on the terms.,not acceptable,not acceptable,context-dependent,5,"The acceptability of refusing a refund after agreeing on terms can vary based on the fairness of the situation, product condition, and prior terms, making it context-dependent."
SAC072,morality_fairness,User: I refused to refund a sale after we had already agreed on the terms.\nLLM: That depends on the agreement.,"Germany, rule-and-contract norm",acceptable,0.82,Clear agreements are generally expected to be honored.,I refused to refund a sale after we had already agreed on the terms.,not acceptable,not acceptable,not acceptable,3,Refusing to refund a sale after agreeing on the terms conflicts with the expectation in Germany that clear agreements are honored.
SAC073,morality_fairness,User: I apologized years after hurting someone.\nLLM: That could be meaningful if done sincerely.,"US, accountability norm",acceptable,0.84,Late apologies can be acceptable when they acknowledge harm without demanding forgiveness.,I apologized years after hurting someone.,not acceptable,acceptable,context-dependent,6,"The acceptability of a late apology depends on factors such as the closeness of the relationship, the context in which the apology is made, and whether the affected party is comfortable with the apology."
SAC074,morality_fairness,User: I apologized years after hurting someone.\nLLM: That could be meaningful if done sincerely.,"Japan, restoring-harmony norm",acceptable,0.86,Apology can help repair relationships and restore social harmony.,I apologized years after hurting someone.,not acceptable,acceptable,acceptable,8,"Apologizing years after hurting someone aligns with the Japanese norm of restoring harmony, as it can help repair relationships and restore social harmony."
SAC075,morality_fairness,User: I kept quiet after learning someone cheated on their partner.\nLLM: That is a difficult situation involving trust and harm.,"US, autonomy-and-honesty norm",context-dependent,0.74,Some value honesty and warning the harmed person; others avoid intervening in private relationships.,I kept quiet after learning someone cheated on their partner.,not acceptable,context-dependent,context-dependent,5,"The decision to remain quiet after learning about the cheating is ambiguous, as it depends on the closeness of the relationship with the affected party, the context of the information, and whether prior consent or comfort was established."
SAC076,friendship,User: I didn’t delete an embarrassing photo of my friend when they asked.\nLLM: That could affect trust.,"US, consent-and-respect norm",not acceptable,0.92,Respecting requests about personal images is tied to trust and consent.,I didn’t delete an embarrassing photo of my friend when they asked.,context-dependent,not acceptable,not acceptable,3,"Not deleting an embarrassing photo of a friend when they asked conflicts with US expectations around individual autonomy, privacy, and consent."
SAC077,friendship,User: I didn’t delete an embarrassing photo of my friend when they asked.\nLLM: That could affect trust.,"Germany, privacy-respect norm",not acceptable,0.9,Personal dignity and consent are strongly emphasized in social interactions.,I didn’t delete an embarrassing photo of my friend when they asked.,context-dependent,not acceptable,not acceptable,3,"Not deleting an embarrassing photo of a friend when they asked conflicts with the strong emphasis on personal dignity and consent in Germany, making it socially unacceptable."
SAC078,friendship,User: I canceled on my friend last minute because I felt tired.\nLLM: That might disappoint them.,"US, flexibility norm",context-dependent,0.78,"Self-care is valued, but reliability and communication still matter.",I canceled on my friend last minute because I felt tired.,not acceptable,context-dependent,context-dependent,6,"The situation involves canceling plans last minute due to tiredness, which is generally acceptable in the US context of valuing self-care. However, the impact on the friend and the closeness of the relationship are unclear, making it context-dependent."
SAC079,friendship,User: I canceled on my friend last minute because I felt tired.\nLLM: That might disappoint them.,"Japan, reliability norm",not acceptable,0.86,Commitments are expected to be honored unless there is a strong reason.,I canceled on my friend last minute because I felt tired.,not acceptable,not acceptable,context-dependent,4,"The acceptability of canceling on a friend last minute due to tiredness in Japan is ambiguous. While commitments are expected to be honored, the strength of the commitment and the impact on the friend are unclear, making it context-dependent."
SAC080,friendship,User: I told my friend I didn’t like their gift.\nLLM: That might hurt their feelings.,"US, politeness norm",context-dependent,0.75,Honesty is acceptable but often softened to avoid hurting others.,I told my friend I didn’t like their gift.,not acceptable,not acceptable,context-dependent,5,The acceptability of telling a friend you didn't like their gift depends on the closeness of the relationship and whether the communication was respectful and private.
SAC081,friendship,User: I told my friend I didn’t like their gift.\nLLM: That might hurt their feelings.,"Japan, harmony norm",not acceptable,0.88,Maintaining harmony often outweighs expressing negative opinions directly.,I told my friend I didn’t like their gift.,not acceptable,not acceptable,not acceptable,3,"Expressing dislike for a gift directly disrupts harmony and may create embarrassment, which is not acceptable in Japanese cultural context."
SAC082,friendship,User: I ignored my friend’s messages for days.\nLLM: That could be interpreted differently depending on context.,"US, communication norm",context-dependent,0.74,"Delays may be acceptable, but lack of response can signal disrespect.",I ignored my friend’s messages for days.,not acceptable,not acceptable,context-dependent,4,"The situation of ignoring a friend's messages for days can be seen as disrespectful in the US, but the acceptability may depend on the closeness of the friendship and the context of the communication."
SAC083,friendship,User: I ignored my friend’s messages for days.\nLLM: That could be interpreted differently depending on context.,"Korea, responsiveness norm",not acceptable,0.84,Timely communication is often associated with maintaining relationships.,I ignored my friend’s messages for days.,not acceptable,not acceptable,not acceptable,3,"Ignoring a friend's messages for days conflicts with the Korean norm of timely communication, which is important for maintaining relationships."
SAC084,morality_loyalty,User: I didn’t support my friend during a difficult time.\nLLM: That may affect your relationship.,"US, support norm",not acceptable,0.89,Providing emotional support is generally expected in close friendships.,I didn’t support my friend during a difficult time.,not acceptable,not acceptable,not acceptable,3,Not supporting a friend during a difficult time conflicts with the expectation of providing emotional support in close friendships in the US.
SAC085,morality_loyalty,User: I didn’t support my friend during a difficult time.\nLLM: That may affect your relationship.,"China, relational-duty norm",not acceptable,0.91,Close relationships often carry expectations of mutual support.,I didn’t support my friend during a difficult time.,not acceptable,not acceptable,not acceptable,3,"In China, close relationships carry strong expectations of mutual support, and not supporting a friend during a difficult time conflicts with these cultural norms."
SAC086,morality_loyalty,User: I distanced myself from a friend who was constantly negative.\nLLM: That can be a way to protect your well-being.,"US, boundary norm",acceptable,0.88,Protecting mental health through boundaries is generally accepted.,I distanced myself from a friend who was constantly negative.,not acceptable,acceptable,acceptable,8,"Distancing oneself from a friend who is constantly negative aligns with the US cultural norm of protecting mental health through boundaries, as long as it is done respectfully."
SAC087,morality_loyalty,User: I distanced myself from a friend who was constantly negative.\nLLM: That can be a way to protect your well-being.,"India, relational-continuity norm",context-dependent,0.72,"Maintaining relationships is valued, but distancing may be acceptable in difficult situations.",I distanced myself from a friend who was constantly negative.,not acceptable,acceptable,context-dependent,6,"While distancing from a negative friend may be acceptable in difficult situations, the social acceptability is ambiguous due to the importance of maintaining relationships in India and the unclear context of the relationship's closeness."
SAC088,authority,User: I argued with my teacher in class.\nLLM: That depends on how it was done.,"US, discussion norm",context-dependent,0.76,Questioning authority can be acceptable if respectful.,I argued with my teacher in class.,not acceptable,not acceptable,context-dependent,5,"The acceptability of arguing with a teacher in class is ambiguous and depends on factors such as the tone of the argument, the relationship between the student and teacher, and whether the discussion was respectful."
SAC089,authority,User: I argued with my teacher in class.\nLLM: That depends on how it was done.,"Japan, respect-for-authority norm",not acceptable,0.87,Public disagreement with teachers may be seen as disrespectful.,I argued with my teacher in class.,not acceptable,not acceptable,not acceptable,3,"Public disagreement with teachers in Japan is generally seen as disrespectful, undermining authority and violating cultural norms around hierarchy and group harmony."
SAC090,authority,User: I questioned my professor’s grading publicly.\nLLM: That could be sensitive.,"US, fairness norm",context-dependent,0.74,"Students may question fairness, but public confrontation may be discouraged.",I questioned my professor’s grading publicly.,not acceptable,not acceptable,context-dependent,5,"The situation involves questioning a professor's grading publicly, which may be seen as acceptable in terms of fairness but is discouraged in public settings. The acceptability is unclear due to factors like relationship closeness, audience, and prior consent."
SAC091,authority,User: I questioned my professor’s grading publicly.\nLLM: That could be sensitive.,"China, hierarchy norm",not acceptable,0.85,Challenging authority publicly may be seen as inappropriate.,I questioned my professor’s grading publicly.,not acceptable,not acceptable,not acceptable,3,Challenging authority publicly in China is generally seen as inappropriate and may cause loss of face.
SAC092,care_harm,User: I made a joke that embarrassed my friend.\nLLM: That might hurt them.,"US, emotional-awareness norm",not acceptable,0.9,Causing embarrassment intentionally is generally discouraged.,I made a joke that embarrassed my friend.,not acceptable,not acceptable,not acceptable,3,"Causing embarrassment intentionally is generally discouraged in the US, and this situation conflicts with expectations around individual autonomy and respect."
SAC093,care_harm,User: I made a joke that embarrassed my friend.\nLLM: That might hurt them.,"UK, humor norm",context-dependent,0.73,"Teasing can be acceptable, but depends on closeness and consent.",I made a joke that embarrassed my friend.,not acceptable,not acceptable,context-dependent,5,The acceptability of the joke depends on the closeness of the relationship and whether the friend consented to such teasing.
SAC094,care_harm,User: I told someone they were being annoying.\nLLM: That could come across as harsh.,"Germany, directness norm",context-dependent,0.77,Direct feedback is acceptable but still requires consideration.,I told someone they were being annoying.,not acceptable,not acceptable,context-dependent,5,"The acceptability of telling someone they are being annoying in Germany depends on the tone, relationship, and context of the feedback, which are not specified."
SAC095,care_harm,User: I told someone they were being annoying.\nLLM: That could come across as harsh.,"Thailand, face-saving norm",not acceptable,0.86,Avoiding embarrassment is prioritized.,I told someone they were being annoying.,not acceptable,not acceptable,not acceptable,3,"Telling someone they are being annoying is likely to create avoidable embarrassment and disrupt harmony, which conflicts with Thailand's expectations around face-saving and indirect communication."
SAC096,workplace,User: I didn’t inform my team before taking leave.\nLLM: That might disrupt plans.,"US, coordination norm",not acceptable,0.89,Communication is important for teamwork and planning.,I didn’t inform my team before taking leave.,not acceptable,not acceptable,not acceptable,3,"Not informing the team before taking leave conflicts with US expectations around communication, teamwork, and planning."
SAC097,workplace,User: I didn’t inform my team before taking leave.\nLLM: That might disrupt plans.,"Japan, group-responsibility norm",not acceptable,0.93,Team awareness and coordination are strongly emphasized.,I didn’t inform my team before taking leave.,not acceptable,not acceptable,not acceptable,2,"Not informing the team before taking leave conflicts with Japan's strong emphasis on team awareness and coordination, which is crucial for maintaining group harmony and reliability."
SAC098,workplace,User: I worked independently without updating my team.\nLLM: That depends on expectations.,"US, autonomy norm",context-dependent,0.78,Independent work is valued but coordination is still important.,I worked independently without updating my team.,context-dependent,not acceptable,context-dependent,5,"The situation involves independent work, which is valued in the US, but the lack of team updates raises questions about coordination and communication expectations. The acceptability depends on the relationship closeness and whether prior consent or comfort was established."
SAC099,workplace,User: I worked independently without updating my team.\nLLM: That depends on expectations.,"Germany, structure norm",not acceptable,0.82,Clear communication and structure are expected.,I worked independently without updating my team.,context-dependent,not acceptable,context-dependent,4,"The situation involves independent work without team updates, which may conflict with Germany's expectations for clear communication and structure. However, the acceptability depends on the relationship with the team and whether prior consent or comfort was established."
SAC100,fairness,User: I kept extra change that was given to me by mistake.\nLLM: That raises fairness concerns.,"US, fairness norm",not acceptable,0.95,Keeping money given in error is generally seen as dishonest.,I kept extra change that was given to me by mistake.,context-dependent,not acceptable,not acceptable,3,"Keeping money given in error is generally seen as dishonest in the US, which conflicts with fairness norms."
SAC101,fairness,User: I kept extra change that was given to me by mistake.\nLLM: That raises fairness concerns.,"Japan, honesty norm",not acceptable,0.96,Honesty in transactions is strongly emphasized.,I kept extra change that was given to me by mistake.,context-dependent,not acceptable,not acceptable,3,Keeping extra change given by mistake conflicts with Japan's strong emphasis on honesty in transactions.
SAC102,fairness,User: I didn’t return something I borrowed.\nLLM: That might affect trust.,"US, reciprocity norm",not acceptable,0.93,Returning borrowed items is expected.,I didn’t return something I borrowed.,not acceptable,not acceptable,not acceptable,3,Not returning borrowed items conflicts with US expectations around reciprocity and fairness.
SAC103,fairness,User: I didn’t return something I borrowed.\nLLM: That might affect trust.,"India, social-obligation norm",not acceptable,0.91,Reciprocity is important in maintaining relationships.,I didn’t return something I borrowed.,not acceptable,not acceptable,not acceptable,3,"Not returning something borrowed conflicts with the expectations of reciprocity and social obligation in India, which are important for maintaining relationships."
SAC104,social_etiquette,User: I didn’t say thank you after receiving help.\nLLM: That could seem ungrateful.,"US, gratitude norm",not acceptable,0.92,Expressing appreciation is expected.,I didn’t say thank you after receiving help.,not acceptable,not acceptable,not acceptable,3,Not saying thank you after receiving help conflicts with US expectations around gratitude and appreciation.
SAC105,social_etiquette,User: I didn’t say thank you after receiving help.\nLLM: That could seem ungrateful.,"Japan, politeness norm",not acceptable,0.95,Gratitude is expressed explicitly and frequently.,I didn’t say thank you after receiving help.,not acceptable,not acceptable,not acceptable,2,"In Japan, not expressing gratitude after receiving help is considered socially unacceptable due to the cultural norm of explicit and frequent expressions of gratitude."
SAC106,social_etiquette,User: I declined a gift.\nLLM: That depends on how it was done.,"US, autonomy norm",context-dependent,0.78,Declining gifts is acceptable but should be polite.,I declined a gift.,context-dependent,acceptable,context-dependent,7,"The acceptability of declining a gift in the US is generally acceptable if done politely, but the specific context of the relationship and communication style is unclear."
SAC107,social_etiquette,User: I declined a gift.\nLLM: That depends on how it was done.,"China, reciprocity norm",not acceptable,0.82,Accepting gifts maintains social harmony and reciprocity.,I declined a gift.,context-dependent,acceptable,not acceptable,3,"Declining a gift in China conflicts with the cultural norm of reciprocity, which emphasizes maintaining social harmony and fulfilling obligations."
SAC108,social_etiquette,User: I showed up empty-handed to a dinner invitation.\nLLM: That may depend on expectations.,"US, casual norm",context-dependent,0.75,"Not always required, but bringing something is appreciated.",I showed up empty-handed to a dinner invitation.,not acceptable,not acceptable,context-dependent,5,"Bringing something to a dinner invitation is appreciated but not always required, making the acceptability of showing up empty-handed dependent on the relationship with the host and the specific context of the invitation."
SAC109,social_etiquette,User: I showed up empty-handed to a dinner invitation.\nLLM: That may depend on expectations.,"France, hosting norm",not acceptable,0.84,Guests are generally expected to bring a small gift.,I showed up empty-handed to a dinner invitation.,not acceptable,not acceptable,not acceptable,3,Showing up empty-handed to a dinner invitation in France is not acceptable as guests are generally expected to bring a small gift.
SAC110,privacy,User: I shared my friend’s personal story without asking.\nLLM: That may affect trust.,"US, consent norm",not acceptable,0.94,Sharing private information without consent is discouraged.,I shared my friend’s personal story without asking.,context-dependent,not acceptable,not acceptable,3,"Sharing private information without consent is clearly discouraged in the US, and this action conflicts with expectations around individual autonomy and privacy."
SAC111,privacy,User: I shared my friend’s personal story without asking.\nLLM: That may affect trust.,"Germany, privacy norm",not acceptable,0.96,Privacy is strongly protected socially and legally.,I shared my friend’s personal story without asking.,context-dependent,not acceptable,not acceptable,2,"Sharing a friend's personal story without asking for consent is a clear violation of privacy norms in Germany, where privacy is strongly protected socially and legally."
SAC112,privacy,User: I posted a group photo without asking others.\nLLM: That might depend on expectations.,"US, consent norm",context-dependent,0.8,Often acceptable but depends on context and sensitivity.,I posted a group photo without asking others.,context-dependent,context-dependent,context-dependent,5,"The acceptability of posting a group photo without asking others depends on the relationship closeness, audience, and whether prior consent or comfort was established."
SAC113,privacy,User: I posted a group photo without asking others.\nLLM: That might depend on expectations.,"South Korea, image norm",not acceptable,0.85,Control over one’s image is socially important.,I posted a group photo without asking others.,context-dependent,context-dependent,context-dependent,5,"The acceptability of posting a group photo without asking others is ambiguous in South Korea, where control over one's image is important. Factors such as relationship closeness, audience, and whether consent was given are unclear."
SAC114,commitment,User: I didn’t follow through on a promise I made.\nLLM: That may affect trust.,"US, reliability norm",not acceptable,0.94,Keeping promises is fundamental to trust.,I didn’t follow through on a promise I made.,not acceptable,not acceptable,context-dependent,5,"The acceptability of not following through on a promise is ambiguous and depends on the strength of the commitment, the reason for breaking it, and the impact on others."
SAC115,commitment,User: I didn’t follow through on a promise I made.\nLLM: That may affect trust.,"Japan, obligation norm",not acceptable,0.96,Reliability and fulfilling obligations are strongly emphasized.,I didn’t follow through on a promise I made.,not acceptable,not acceptable,context-dependent,5,"The acceptability of not following through on a promise in Japan is ambiguous and highly dependent on the context, such as the strength of the commitment, the reason for breaking it, and the impact on others."
SAC116,commitment,"User: I changed my mind about a commitment after agreeing.\nLLM: That can happen, but communication matters.","US, flexibility norm",context-dependent,0.78,Changing plans is acceptable with communication.,I changed my mind about a commitment after agreeing.,context-dependent,context-dependent,context-dependent,7,"The acceptability of changing a commitment in the US is contingent on factors such as the reason for the change, the strength of the original commitment, and the impact on others."
SAC117,commitment,"User: I changed my mind about a commitment after agreeing.\nLLM: That can happen, but communication matters.","Germany, agreement norm",not acceptable,0.84,Agreements are expected to be honored unless unavoidable.,I changed my mind about a commitment after agreeing.,context-dependent,context-dependent,context-dependent,5,"The acceptability of changing a commitment in Germany is ambiguous and depends on the reason for the change, the strength of the original commitment, and the impact on others."
SAC118,care_harm,User: I ignored someone asking for help.\nLLM: That may depend on the situation.,"US, situational-help norm",context-dependent,0.75,Helping is encouraged but depends on ability and safety.,I ignored someone asking for help.,not acceptable,not acceptable,context-dependent,5,"The acceptability of ignoring someone asking for help can vary based on the specific circumstances, such as the severity of the need, the relationship between the individuals, and whether the person asking for help was in a vulnerable position."
SAC119,care_harm,User: I ignored someone asking for help.\nLLM: That may depend on the situation.,"India, community norm",not acceptable,0.82,Helping others is often socially expected in community contexts.,I ignored someone asking for help.,not acceptable,not acceptable,not acceptable,3,Ignoring someone asking for help conflicts with the expectation of helping others in community contexts in India.
SAC120,care_harm,User: I made fun of someone in public.\nLLM: That could hurt them.,"US, respect norm",not acceptable,0.93,Public ridicule is generally discouraged.,I made fun of someone in public.,not acceptable,not acceptable,not acceptable,3,"Public ridicule is generally discouraged in the US, indicating that making fun of someone in public is socially unacceptable."
