id,gold_label,predicted_label,finding_index,finding,source_chunk_id,support_from_rag,applies_to_scenario,polarity,note
SAC001,acceptable,acceptable,1,adult autonomy is respected,SC101_rot_dearabby_title_dearabby_2018_7_19_1_parents_are_miffed_by_sons_refusal_38YMOXR4MXECKFN2OQ2QFLB7A6L6W1_107_3,direct,True,supports_acceptable,The norm suggests that adults are not obligated to share all details with parents.
SAC001,acceptable,acceptable,2,parents should not be overly involved,SC101_rot_dearabby_title_dearabby_2014_2_5_1_mother_drives_adult_child_to_the_358UUM7WR2IQGJKL86XCY03MEWXR7E_61_1,direct,True,supports_acceptable,This norm supports the idea that adult children have the right to privacy.
SAC001,acceptable,acceptable,3,parents are expected to give space,SC101_rot_dearabby_title_dearabby_2013_3_18_1_adult_woman_tired_of_parental_fretting_3PS7W85Z82H7AHL6RS0RCBVAWG5T99_4_1,direct,True,supports_acceptable,This norm aligns with the cultural context of respecting adult independence.
SAC001,acceptable,acceptable,4,it's okay to make decisions parents may not like,SC101_rot_reddit_amitheasshole_a0yune_378XPAWRUFSV6MF0PMFNUZ4LLJYAID_115_1,direct,True,supports_acceptable,"Adults are allowed to make independent decisions, even if parents disapprove."
SAC002,context-dependent,context-dependent,1,involving your family in major decisions is good,SC101_rot_rocstories_8fb8f3c5_b64c_4be0_a125_ed4a64cc9b4c_sentence5_3R08VXYT7FAVOF17707ILZB32M97WC_40_1,direct,True,supports_not_acceptable,"The norm suggests involving family in major decisions is expected, which applies to the scenario of moving cities."
SAC002,context-dependent,context-dependent,2,you're expected to tell your parents about big life decisions,SC101_rot_reddit_confessions_evj3hg_3WZ36BJEV6VQYA03PCEN3HQ0NM4BTC_79_2,direct,True,supports_not_acceptable,This norm directly applies as it emphasizes the expectation to inform parents about significant life changes.
SAC002,context-dependent,context-dependent,3,it is ok to not notify your parents of a life changing event if you are not ready,SC101_rot_reddit_amitheasshole_aoin2t_3FFJ6VRIL43Z59HIXKIU5TS886R0IV_107_1,direct,True,supports_context_dependent,"This norm suggests discretion is acceptable if the individual is not ready, introducing a context-dependent element."
SAC003,acceptable,acceptable,1,leaving your parents alone if they want alone time is strongly acceptable,SC101_rot_dearabby_title_dearabby_2013_6_17_0_mom_up_to_her_ears_in_3CTOC39K3A59IV1801O3W9HV4UF7J8_42_4,direct,True,supports_acceptable,The norm supports the idea that wanting alone time is acceptable.
SAC003,acceptable,acceptable,2,wanting some time alone from time to time is acceptable,SC101_rot_reddit_amitheasshole_a35bje_3Z4GS9HPNYPGY006ZSZ6TJCM75677Y_2_2,direct,True,supports_acceptable,This norm aligns with the scenario of wanting alone time.
SAC003,acceptable,acceptable,3,spending time alone when you're with your family is not acceptable,SC101_rot_reddit_amitheasshole_a8g9t8_3EJPLAJKEPVGEAS7ZDMXEP5PK1G6ZX_42_1,direct,True,supports_not_acceptable,This norm suggests a conflict with family obligations.
SAC003,acceptable,acceptable,4,it's okay to want to spend time alone and away from your family,SC101_rot_reddit_confessions_cxtieo_39LNWE0K4XBFLVTYVRWEU0GF3EIIUK_42_5,indirect,True,supports_acceptable,This norm indirectly supports the acceptability of wanting alone time.
SAC004,context-dependent,context-dependent,1,attending family gatherings is expected,SC101_rot_reddit_amitheasshole_admo4z_33ISQZVXPS1SMYQYHQFSPRWE9LYCCN_89_1,direct,True,supports_not_acceptable,The norm suggests that attending family gatherings is generally expected.
SAC004,context-dependent,context-dependent,2,you should attend family gatherings when you can,SC101_rot_reddit_amitheasshole_9yah36_3XUHV3NRVNDY4LSZO86LMCNKR595HO_131_2,direct,True,supports_not_acceptable,The norm implies that attending family gatherings is a positive action.
SAC004,context-dependent,context-dependent,3,spending as much time with family as you can is expected,SC101_rot_rocstories_b4c07748_b378_4298_b3ca_0487f40078fc_sentence4_3NGMS9VZTOX6SMUIZUVU532K5QTFFJ_16_1,direct,True,supports_not_acceptable,The norm suggests prioritizing family time.
SAC005,context-dependent,context-dependent,1,helping out others when they need financial help is good,SC101_rot_reddit_amitheasshole_ap8rou_3YT88D1N0BDMSW63GALPK75S5RW3KC_42_2,direct,True,supports_not_acceptable,This norm suggests that helping others financially is generally seen as positive.
SAC005,context-dependent,context-dependent,2,it's not your responsibility to pay for your parents' financial obligations,SC101_rot_reddit_amitheasshole_b70apf_3KYQYYSHYYM30FTF7RJU4X8DH41ODC_4_2,indirect,True,supports_acceptable,"This norm implies that financial responsibility is individual, which aligns with the US context."
SAC005,context-dependent,context-dependent,3,you should always help your family out when they need help financially,SC101_rot_reddit_amitheasshole_azwv6p_351SEKWQS3WF0C83UB4HCTJ8OWNMDI_42_1,direct,True,supports_not_acceptable,This norm emphasizes family obligation to help financially.
SAC005,context-dependent,context-dependent,4,it's expected you ask family for financial help when you're down on your luck,SC101_rot_rocstories_39a7d869_faa3_4a08_a87c_1160302bba69_sentence3_3JBT3HLQFBHOOGACE9L6KPW6JNQZPI_83_1,indirect,True,supports_context_dependent,"This norm suggests that asking for help is common, but not obligatory."
SAC006,context-dependent,context-dependent,1,family members are expected to help each other financially,SC101_rot_reddit_amitheasshole_b81m27_3YMU66OBIQNWKIHJ54PCQ9E9IPGHGY_121_2,direct,True,supports_not_acceptable,"This norm suggests that family members should help each other financially, which applies to the scenario."
SAC006,context-dependent,context-dependent,2,it's good to help out your family financially,SC101_rot_reddit_amitheasshole_b48nkb_3H0W84IWBNHBPYZVVEBI4AV3U2IER0_42_1,direct,True,supports_not_acceptable,"Helping family financially is seen as a positive action, relevant to the scenario."
SAC006,context-dependent,context-dependent,3,you should always help your family out when they need help financially,SC101_rot_reddit_amitheasshole_azwv6p_351SEKWQS3WF0C83UB4HCTJ8OWNMDI_42_1,direct,True,supports_not_acceptable,"This norm strongly suggests a duty to help family financially, which applies here."
SAC006,context-dependent,context-dependent,4,it's understandable that people aren't always able to help their family out,SC101_rot_reddit_amitheasshole_arn922_3570Y55XZSYI6D78F4T0C99C56XGY3_89_3,direct,True,supports_acceptable,"Acknowledges that sometimes financial help isn't possible, which is relevant."
SAC007,not acceptable,not acceptable,1,public criticism of family is discouraged,SC101_rot_reddit_amitheasshole_asjk9i_39DD6S19JSQKRPLM5V5VQDX22D3ZE3_129_5,direct,True,supports_not_acceptable,"The norm directly discourages airing family drama in public, which aligns with the scenario of criticizing parents publicly."
SAC007,not acceptable,not acceptable,2,respecting parents is important,SC101_rot_reddit_confessions_acgo8q_3FIUS151DYHIKMM8LY7U5928F8KGGT_120_2,indirect,True,supports_not_acceptable,"The norm emphasizes the importance of respecting parents, which indirectly supports the idea that public criticism is disrespectful."
SAC007,not acceptable,not acceptable,3,disobeying parents is disrespectful,SC101_rot_dearabby_title_dearabby_2019_12_1_0_son_begs_parents_to_bless_reconciliation_3NKQQ8O391KYDKDC3DV3330276XDUQ_35_4,indirect,True,supports_not_acceptable,"Disobeying parents is seen as disrespectful, which aligns with the cultural context of elder respect."
SAC008,context-dependent,context-dependent,1,public criticism of family is discouraged,SC101_rot_reddit_amitheasshole_asjk9i_39DD6S19JSQKRPLM5V5VQDX22D3ZE3_129_5,direct,True,supports_not_acceptable,The norm directly discourages airing family drama in public.
SAC008,context-dependent,context-dependent,2,public embarrassment is understandable,SC101_rot_dearabby_title_dearabby_2001_3_17_0_parents_public_scoldings_send_kids_wrong_3V0Z7YWSI1FBNP4WBELR36BHOLB2VN_129_2,indirect,True,background_only,"The norm is about being embarrassed by public scolding, which indirectly relates to public criticism."
SAC008,context-dependent,context-dependent,3,public criticism can be context-dependent,SC101_rot_reddit_amitheasshole_ak55p0_3VE8AYVF8PCXD7KVRGPOVBLYBCF8F3_120_2,indirect,True,supports_context_dependent,The norm suggests public criticism can be acceptable depending on context.
SAC009,acceptable,acceptable,1,setting boundaries around who can be in your life is acceptable,SC101_rot_reddit_amitheasshole_b03ies_37FMASSAYF60PWKSV0FJPAOR2THBIQ_16_1,direct,True,supports_acceptable,"The scenario involves setting a boundary about receiving advice, which aligns with this norm."
SAC009,acceptable,acceptable,2,sharing as much or as little as you wish about your personal life is acceptable,SC101_rot_reddit_amitheasshole_aubkyj_3NAPMVF0ZZU9CZ30TGIBXSVERE572C_8_1,direct,True,supports_acceptable,"The scenario involves choosing not to receive advice, which is a form of controlling personal information."
SAC009,acceptable,acceptable,3,it's okay to set boundaries in your personal life,SC101_rot_reddit_amitheasshole_axdeon_3VE8AYVF8PCXD7KVRGPOVBLYG5A8FP_111_1,direct,True,supports_acceptable,"The scenario is about setting a personal boundary, which this norm supports."
SAC010,context-dependent,context-dependent,1,getting advice about your marriage from others is acceptable but discretionary,SC101_rot_reddit_confessions_5hoi6g_3E4GGUZ1TB6X7EAKCA7K1X00A082KX_42_4,indirect,True,supports_context_dependent,The norm suggests that seeking advice is generally acceptable but depends on personal discretion.
SAC010,context-dependent,context-dependent,2,offering advice to people when they ask for it about their marriage is acceptable,SC101_rot_rocstories_3f13224d_0480_49a2_b6d0_1a853e74b005_sentence5_3YW4XOSQKT04LPX0NKB821ZTEUGU15_129_3,irrelevant,False,background_only,"This norm is about offering advice when asked, which does not directly apply to the scenario."
SAC010,context-dependent,context-dependent,3,you shouldn't ask for marital advice if it will hurt your feelings,SC101_rot_reddit_confessions_6j83na_3LRLIPTPETOMCH5OPP0Z7FJYOCNAKD_104_3,irrelevant,False,background_only,"This norm is about asking for advice, not about refusing it."
SAC011,not acceptable,not acceptable,1,asking about someone's relationship status is acceptable but discretionary,SC101_rot_rocstories_26cbfddc_edb9_4af3_aac3_d871b6108332_sentence2_3NKQQ8O391KYDKDC3DV333024UQUD9_120_1,direct,True,supports_context_dependent,The norm suggests that asking about relationship status is generally acceptable but depends on context.
SAC011,not acceptable,not acceptable,2,conforming to professional conduct in business settings is expected,SC101_rot_reddit_confessions_byoqcp_3F1567XTNZKUI1TEAO6W76KNFRGQ95_114_2,direct,True,supports_not_acceptable,Professional conduct typically discourages personal questions in the workplace.
SAC013,context-dependent,context-dependent,1,asking private questions requires closeness or consent,SC101_rot_reddit_amitheasshole_afwuws_3Q8GYXHFESH7NDHJ2GSKBLQ4G2C5C3_121_3,direct,True,supports_not_acceptable,Discussing sensitive matters without consent is considered rude.
SAC013,context-dependent,context-dependent,2,obtaining consent before speaking about personal matters is expected,SC101_rot_reddit_confessions_1w6q1q_3IRIK4HM3DZ36HHX7Z2P3R44NTF6CF_114_4,direct,True,supports_not_acceptable,Consent is important when discussing personal topics.
SAC013,context-dependent,context-dependent,3,public embarrassment is discouraged,SC101_rot_dearabby_title_dearabby_2009_8_26_0_teenager_needs_help_dodging_questions_about_3GD6L00D3VCL8HSREIKMBRIZ4XLM1U_129_4,indirect,True,supports_not_acceptable,Bombarding someone with questions can lead to public embarrassment.
SAC014,not acceptable,not acceptable,1,asking private questions requires closeness or consent,SC101_rot_dearabby_title_dearabby_2009_8_26_0_teenager_needs_help_dodging_questions_about_3GD6L00D3VCL8HSREIKMBRIZ4XLM1U_129_5,indirect,True,supports_context_dependent,"The norm suggests anxiety when asked about dating life, implying privacy concerns."
SAC014,not acceptable,not acceptable,2,keeping your private life private is acceptable,SC101_rot_reddit_amitheasshole_ai20t8_352YTHGROYSG82OZA3NBHKH6UACH4Y_30_3,direct,True,supports_not_acceptable,The norm supports the idea that private life should remain private.
SAC014,not acceptable,not acceptable,3,public embarrassment is discouraged,SC101_rot_reddit_amitheasshole_b9103s_3IKZ72A5B7VIGE7ZXIE7D8BT3MGNF5_70_2,direct,True,supports_not_acceptable,Sharing private matters publicly is seen as disrespectful.
SAC015,not acceptable,not acceptable,1,looking through someone else's phone without permission is wrong,SC101_rot_reddit_amitheasshole_a11tou_3LUY3GC632F54646VETNT5372OR7PT_123_1,direct,True,supports_not_acceptable,This norm directly addresses the action of going through someone else's phone without permission.
SAC015,not acceptable,not acceptable,2,snooping through someone's phone is bad,SC101_rot_reddit_amitheasshole_a6bq8z_3DUZQ9U6SP34SOLU5T0XUOOLAH5SV3_107_1,direct,True,supports_not_acceptable,This norm directly applies to the scenario of snooping through a partner's phone.
SAC015,not acceptable,not acceptable,3,your partner might get mad if they find out you've been looking through their phone,SC101_rot_reddit_confessions_e6haet_3OVHNO1VE9GFZJ7M90UBKVFHBHHZDU_31_2,indirect,True,background_only,This norm suggests potential negative consequences but does not directly address the acceptability.
SAC016,not acceptable,not acceptable,1,snooping through someone's phone is bad,SC101_rot_reddit_amitheasshole_a6bq8z_3DUZQ9U6SP34SOLU5T0XUOOLAH5SV3_107_1,direct,True,supports_not_acceptable,"The norm directly addresses the action of snooping through a partner's phone, which is the scenario in question."
SAC016,not acceptable,not acceptable,2,betraying people's trust is strongly not acceptable,SC101_rot_reddit_confessions_b1qxf1_3ZAZR5XV04X5UR1894Z00PXZRTACZ1_38_3,direct,True,supports_not_acceptable,Looking through a partner's phone without permission is a betrayal of trust.
SAC016,not acceptable,not acceptable,3,your partner might get mad if they find out you've been looking through their phone,SC101_rot_reddit_confessions_e6haet_3OVHNO1VE9GFZJ7M90UBKVFHBHHZDU_31_2,direct,True,supports_not_acceptable,"The norm suggests that the action could lead to negative consequences, indicating it is not acceptable."
SAC017,context-dependent,context-dependent,1,giving good feedback is friendly,SC101_rot_reddit_confessions_9y1jnm_3UXUOQ9OKHCYH2Y46VBQ3AECHSTA7C_19_1,indirect,False,background_only,"The norm is about giving positive feedback, which does not directly apply to negative feedback."
SAC017,context-dependent,context-dependent,2,responding with kindness is expected,SC101_rot_reddit_confessions_7aapht_3CFVK00FWO0W9LB3KCVO6AURGR76LM_17_2,indirect,False,background_only,"This norm is about responding to kindness, not about giving negative feedback."
SAC018,not acceptable,not acceptable,1,negative feedback can be hurtful,SC101_rot_reddit_amitheasshole_b9r9n2_3QHK8ZVMIPX2FXSYG3CWHQGJIIMBLK_89_2,direct,True,supports_not_acceptable,Direct negative feedback is generally seen as hurtful.
SAC018,not acceptable,not acceptable,2,you should keep negative comments about someone's cooking to yourself,SC101_rot_rocstories_9caa44bd_f939_4276_9f39_145c3431b0e6_sentence2_3HL8HNGX48GXRC35W8V2V7G93NHF91_129_4,direct,True,supports_not_acceptable,Keeping negative comments to oneself is expected.
SAC018,not acceptable,not acceptable,3,you should try not to embarrass your partner,SC101_rot_reddit_amitheasshole_aylcp9_3DL65MZB8GU7JWACDHLNFFWHS4GCEX_79_2,direct,True,supports_not_acceptable,Avoiding embarrassment aligns with care-harm norms.
SAC019,acceptable,acceptable,1,meeting your partner too soon is wrong,SC101_rot_reddit_confessions_9ri8cv_3S06PH7KSUJI4NME1PLJS1V50IH1DI_42_2,direct,True,supports_acceptable,"The norm suggests that meeting a partner's family too soon can be considered wrong, aligning with the decision to decline."
SAC019,acceptable,acceptable,2,relationship pacing is an individual choice,SC101_rot_reddit_amitheasshole_b5dln1_3QY5DC2MXUZVB4R8UJQTR33NDZ3UFY_42_3,indirect,True,supports_acceptable,"The norm indirectly supports the idea that relationship decisions, like meeting family, are personal choices."
SAC020,context-dependent,context-dependent,1,meeting your partner too soon is wrong,SC101_rot_reddit_confessions_9ri8cv_3S06PH7KSUJI4NME1PLJS1V50IH1DI_42_2,weak,True,supports_acceptable,"The norm suggests caution in meeting partners too soon, which aligns with declining to meet parents early."
SAC020,context-dependent,context-dependent,2,partners are expected to have their families meet each other as their relationship progresses,SC101_rot_dearabby_title_dearabby_2015_7_3_0_girlfriend_expects_fireworks_when_her_parents_3VW6495TLMFIS4S89AF6J9GGLYBYYA_4_1,direct,True,supports_not_acceptable,"This norm suggests that meeting families is expected as relationships progress, which could imply declining is not acceptable."
SAC020,context-dependent,context-dependent,3,if you're in a serious relationship you're expected to meet your partner's parents,SC101_rot_rocstories_3820a2f6_4913_45a9_ab7f_fea467d0cf43_sentence2_3PEIJLRY6W8P3U7YPDBGFYOR3Q7WX0_120_1,direct,True,supports_not_acceptable,"This norm suggests an expectation to meet parents in serious relationships, which could imply declining is not acceptable."
SAC021,acceptable,acceptable,1,calling people by their first name is expected,SC101_rot_dearabby_title_dearabby_2007_3_24_0_kids_first_names_are_not_always_3DBQWDE4Y9DQEHEAR61YRWKGM975NF_101_2,direct,True,supports_acceptable,"The norm suggests that using first names is expected, which aligns with the informal workplace culture."
SAC021,acceptable,acceptable,2,you shouldn't call your boss bad names,SC101_rot_reddit_confessions_df78wx_3Y54SXRO1O05U999P3VI87IOCVITUU_42_2,indirect,False,background_only,"This norm is about using derogatory names, not relevant to using first names."
SAC022,not acceptable,not acceptable,1,employees are expected to treat their boss with respect,SC101_rot_dearabby_title_dearabby_2014_2_27_0_boss_whos_object_of_gossip_needs_3YGXWBAF73WPRUDJOB9A6TKQN92C43_4_2,direct,True,supports_not_acceptable,Respecting hierarchy is a key aspect of treating a boss with respect.
SAC022,not acceptable,not acceptable,2,it's normal for people to call others by their correct title and last name in business and formal situations,SC101_rot_dearabby_title_dearabby_2019_3_8_1_chauffeur_feels_slighted_when_clients_use_3OS4RQUCRCUGF5I2US9YMDBZU8EBFA_89_1,direct,True,supports_not_acceptable,"Using titles is expected in formal settings, aligning with Japanese norms."
SAC024,not acceptable,not acceptable,1,addressing a manager with respect is expected,SC101_rot_reddit_amitheasshole_b08mi8_39U1BHVTDO6LVFWQAJZHLYSOSCOT3T_142_1,indirect,True,background_only,"The norm suggests respect for hierarchy, which is relevant but does not directly address public disagreement."
SAC024,not acceptable,not acceptable,2,going to HR before confronting a manager is acceptable,SC101_rot_reddit_amitheasshole_9ydmd5_32XVDSJFP2CSX2ANXMK0GAS4OH22ME_53_2,indirect,True,supports_not_acceptable,Suggests that direct confrontation is less acceptable than other methods.
SAC024,not acceptable,not acceptable,3,reporting illegal actions by a manager is brave,SC101_rot_reddit_amitheasshole_b2m5y5_3RRCEFRB7PR6HPLDABDFV9E8XE84B2_84_2,irrelevant,False,background_only,The scenario does not involve illegal actions.
SAC025,acceptable,acceptable,1,leaving work before tasks are done is bad,SC101_rot_reddit_amitheasshole_a0c58o_3LPW2N6LKWH397YJO7DK5RCALFDU5K_87_3,direct,False,background_only,"The scenario specifies tasks are done, so this norm does not apply."
SAC025,acceptable,acceptable,2,having a good work-life balance is good,SC101_rot_rocstories_1ba1d134_7e96_476c_a04a_355b85a68ed0_sentence3_3Z3ZLGNNSL983Z4YTF5MGTH192SQ3A_42_2,direct,True,supports_acceptable,"Leaving on time supports work-life balance, which is seen as positive."
SAC025,acceptable,acceptable,3,leaving work when scheduled is acceptable,SC101_rot_rocstories_6354ecae_7dd7_4384_8661_de1dfef7b3ac_sentence1_3L0KT67Y8HVLWIGZA4NH1NSF1N4SYW_94_2,direct,True,supports_acceptable,"The scenario involves leaving work on time, which aligns with this norm."
SAC025,acceptable,acceptable,4,leaving work on time is fine,SC101_rot_reddit_amitheasshole_b2c592_3C44YUNSI44LLF5GMRW9TXD3QGRDPP_42_1,direct,True,supports_acceptable,This norm directly supports the action of leaving work on time.
SAC026,context-dependent,context-dependent,1,leaving work when you're scheduled to leave is acceptable but discretionary,SC101_rot_rocstories_6354ecae_7dd7_4384_8661_de1dfef7b3ac_sentence1_3L0KT67Y8HVLWIGZA4NH1NSF1N4SYW_94_2,direct,True,supports_acceptable,This norm directly applies as the scenario involves leaving work at the scheduled time.
SAC026,context-dependent,context-dependent,2,staying later may signal commitment in some workplaces,SC101_rot_reddit_amitheasshole_b1xsfl_3S06PH7KSUJI4NME1PLJS1V5QPRD18_31_1,indirect,True,supports_context_dependent,"This norm suggests that sometimes extra work is expected, which aligns with the cultural context."
SAC027,acceptable,acceptable,1,keeping your personal life personal in the workplace is acceptable,SC101_rot_reddit_amitheasshole_aqqimj_3Z4XG4ZF4B6EDTBGRAVA1IL5IIFX8S_129_3,direct,True,supports_acceptable,The norm directly supports the idea that maintaining personal boundaries at work is acceptable.
SAC027,acceptable,acceptable,2,not spending time socializing with coworkers is not acceptable,SC101_rot_reddit_amitheasshole_a3xlnc_3OS46CRSLIEZ5QNXYGXUTJSTWXXV6N_42_1,direct,True,supports_not_acceptable,This norm suggests that not socializing with coworkers can be seen negatively.
SAC027,acceptable,acceptable,3,you shouldn't need to socialize all the time in your workplace,SC101_rot_reddit_confessions_e6toil_33UKMF931CZQUWUKPY583BWMTF5TTT_78_1,direct,True,supports_acceptable,This norm supports the idea that constant socializing is not necessary.
SAC029,context-dependent,context-dependent,1,giving feedback on others' performance when you're a manager is acceptable but discretionary,SC101_rot_reddit_amitheasshole_axhaex_3E13VNJ1NQAZCY20T3MUJYBIIUNI13_83_1,direct,True,supports_acceptable,"The scenario involves giving feedback in a performance review, which aligns with managerial duties."
SAC029,context-dependent,context-dependent,2,negative feedback can be hurtful,SC101_rot_reddit_amitheasshole_b9r9n2_3QHK8ZVMIPX2FXSYG3CWHQGJIIMBLK_89_2,indirect,True,supports_not_acceptable,"While feedback is necessary, the potential for harm suggests caution."
SAC029,context-dependent,context-dependent,3,it's reasonable to give a professional a poor review,SC101_rot_dearabby_title_dearabby_2015_8_15_0_friend_drafted_as_photographer_gets_harsh_3R2UR8A0IDVHYLYWYRK6Y4B55J1OX4_100_3,direct,True,supports_acceptable,The scenario involves a professional setting where feedback is expected.
SAC029,context-dependent,context-dependent,4,it's hurtful to give a professional a bad review,SC101_rot_dearabby_title_dearabby_2015_8_15_0_friend_drafted_as_photographer_gets_harsh_3R2UR8A0IDVHYLYWYRK6Y4B55J1OX4_100_2,indirect,True,supports_not_acceptable,The potential for harm suggests that the manner of feedback is important.
SAC029,context-dependent,context-dependent,5,"sometimes being blunt and crass is okay, especially to get a point across",SC101_rot_reddit_amitheasshole_a9ps4d_3DUZQ9U6SP34SOLU5T0XUOOLB7OVS6_83_2,indirect,True,supports_context_dependent,"Bluntness can be acceptable if it serves a purpose, but context matters."
SAC030,not acceptable,not acceptable,1,negative feedback can be hurtful,SC101_rot_reddit_amitheasshole_b9r9n2_3QHK8ZVMIPX2FXSYG3CWHQGJIIMBLK_89_2,direct,True,supports_not_acceptable,"The norm highlights the potential harm of negative feedback, aligning with the cultural emphasis on avoiding embarrassment."
SAC030,not acceptable,not acceptable,2,managers are expected to give feedback,SC101_rot_reddit_amitheasshole_axhaex_3E13VNJ1NQAZCY20T3MUJYBIIUNI13_83_1,direct,True,supports_acceptable,"The norm supports the acceptability of giving feedback in a managerial role, but does not address the manner of delivery."
SAC030,not acceptable,not acceptable,3,truthful feedback is expected,SC101_rot_reddit_amitheasshole_b9r9n2_3QHK8ZVMIPX2FXSYG3CWHQGJIIMBLK_89_1,direct,True,supports_acceptable,"Truthfulness in feedback is generally expected, but the cultural context requires it to be softened."
SAC031,acceptable,acceptable,1,working extra hard the next day if you do not get your work done today,SC101_rot_rocstories_1f46ff73_8952_4703_a6d6_3e12fb29db2c_sentence1_3X1FV8S5J0612JC3AT6G5A5IUASGV4_16_3,indirect,False,background_only,"The norm is about compensating for unfinished work, not about delayed email replies."
SAC031,acceptable,acceptable,2,waiting until the last minute to complete your work is bad,SC101_rot_reddit_confessions_a1zz2u_34BBWHLWHDQSDZI3QRBFCO1CMJ1IW3_40_1,indirect,False,background_only,"The norm is about procrastination, not specifically about email replies."
SAC032,context-dependent,context-dependent,1,working extra hard the next day if you do not get your work done today is acceptable,SC101_rot_rocstories_1f46ff73_8952_4703_a6d6_3e12fb29db2c_sentence1_3X1FV8S5J0612JC3AT6G5A5IUASGV4_16_3,indirect,True,background_only,"This norm suggests a way to compensate for delayed work, but does not directly address the acceptability of the delay itself."
SAC032,context-dependent,context-dependent,2,waiting until the last minute to complete your work is not acceptable,SC101_rot_reddit_confessions_a1zz2u_34BBWHLWHDQSDZI3QRBFCO1CMJ1IW3_40_1,direct,True,supports_not_acceptable,"This norm directly addresses the issue of delaying work, suggesting it is not acceptable."
SAC033,context-dependent,context-dependent,1,it's unkind to report a coworker without talking to them first,SC101_rot_reddit_amitheasshole_aot6wh_3NG53N1RLYY94K9P5JLT75Z2C12P8O_14_1,direct,True,supports_not_acceptable,The norm directly addresses reporting a coworker without prior discussion.
SAC033,context-dependent,context-dependent,2,resolve conflicts with a coworker yourself before reporting,SC101_rot_reddit_amitheasshole_ahfi3q_3IKZ72A5B7VIGE7ZXIE7D8BT38HNFE_131_3,direct,True,supports_not_acceptable,The norm suggests handling issues directly with coworkers first.
SAC033,context-dependent,context-dependent,3,reporting without prior discussion is rude,SC101_rot_reddit_amitheasshole_aicybj_3XLBSAQ9Z7RZIA6CINRPK35LE2OZ7S_104_2,indirect,True,supports_not_acceptable,The norm about noise complaints parallels the scenario in terms of etiquette.
SAC034,not acceptable,context-dependent,1,resolve conflicts with a coworker yourself before reporting,SC101_rot_reddit_amitheasshole_ahfi3q_3IKZ72A5B7VIGE7ZXIE7D8BT38HNFE_131_3,direct,True,supports_not_acceptable,"The norm suggests resolving issues directly with coworkers first, which aligns with the scenario."
SAC034,not acceptable,context-dependent,2,reporting a coworker can be hurtful,SC101_rot_reddit_amitheasshole_apbpku_3LOTDFNYAAE838GDPJ5U9ROKSFHWFW_100_2,direct,True,supports_not_acceptable,"Reporting a coworker is seen as potentially harmful, which applies to the scenario."
SAC034,not acceptable,context-dependent,3,it's OK to report a coworker if they're breaking workplace rules,SC101_rot_reddit_amitheasshole_ahfi3q_3IKZ72A5B7VIGE7ZXIE7D8BT38HNFE_131_2,direct,True,supports_acceptable,"This norm supports reporting if rules are broken, but the scenario lacks details on rule-breaking."
SAC035,context-dependent,context-dependent,1,you should not engage in something that someone may consider disrespectful,SC101_rot_reddit_amitheasshole_b28uss_3N2BF7Y2VT9WCSD5G7N73EY6AGEMH3_94_1,direct,True,supports_not_acceptable,"Interrupting can be seen as disrespectful, which aligns with this norm."
SAC036,not acceptable,not acceptable,1,interrupting can signal disrespect,SC101_rot_dearabby_title_dearabby_1997_2_21_0_officer_by_any_other_name_is_304SM51WA6JPJANO0C9XTCUEJ0BBS0_105_2,indirect,True,supports_not_acceptable,The norm about disrespect aligns with the cultural context of Japan where interrupting is seen as disrespectful.
SAC037,context-dependent,context-dependent,1,letting your friend know they are wrong when their wrong belief may hurt them is courteous,SC101_rot_reddit_amitheasshole_aunov6_3WETL7AQWWNJADL09NHJIIMA6N8536_16_2,indirect,True,supports_acceptable,"The norm supports giving feedback if it prevents harm, but doesn't address harshness."
SAC037,context-dependent,context-dependent,2,it's common to be hurt by critical feedback,SC101_rot_reddit_confessions_dzxryy_3NPFYT4IZFJT68HYA87YTV23HY4GX8_31_1,direct,True,supports_context_dependent,"This norm highlights the potential for hurt feelings, relevant to harsh feedback."
SAC037,context-dependent,context-dependent,3,it's kind to give people feedback when they're having a rough go at it,SC101_rot_reddit_confessions_b98kp9_32VNZTT0AAJTXW2268Z5VOJCRXXR4U_129_4,indirect,True,supports_acceptable,"The norm supports feedback as a kind act, but doesn't address harshness."
SAC038,not acceptable,not acceptable,1,being honest and telling your friend that their behavior is bothering you is good,SC101_rot_reddit_confessions_d7i1j7_3R0T90IZ1VR53A63JCBBFIHTFUICGV_37_2,indirect,True,supports_acceptable,"Honesty is valued, but the context of how it's delivered is crucial."
SAC038,not acceptable,not acceptable,2,it's understandable to be offended when your friend gives you blunt honesty,SC101_rot_reddit_confessions_28149j_36NEMU28XISE9I8UB6974H8T4F7MWK_129_1,indirect,True,supports_context_dependent,"Blunt honesty can be offensive, indicating the need for sensitivity."
SAC039,not acceptable,not acceptable,1,abruptly ending a call is usually considered disrespectful,SC101_rot_reddit_amitheasshole_aenqh1_3PS7W85Z82H7AHL6RS0RCBVAS4AT9M_42_4,indirect,True,supports_not_acceptable,The norm about making a call to an ex suggests that phone etiquette is sensitive and can be seen as disrespectful.
SAC039,not acceptable,not acceptable,2,it is okay to get frustrated,SC101_rot_reddit_confessions_99sh2y_3KIBXJ1WD89BELZPZ85H8A33B0MOKX_102_1,direct,True,background_only,"Frustration is understandable, but it doesn't justify disrespectful actions."
SAC040,context-dependent,not acceptable,1,getting frustrated is okay,SC101_rot_reddit_confessions_99sh2y_3KIBXJ1WD89BELZPZ85H8A33B0MOKX_102_1,indirect,True,background_only,"The norm acknowledges that frustration is a natural emotion, but does not address the action of hanging up."
SAC040,context-dependent,not acceptable,2,cutting off communication abruptly is wrong,SC101_rot_reddit_amitheasshole_b9qa41_30LSNF239XA61JKWC7M8OHLN5WO2IE_42_4,direct,True,supports_not_acceptable,"This norm directly addresses the action of abruptly ending communication, which is relevant to the scenario."
SAC041,context-dependent,context-dependent,1,making eye contact is good,SC101_rot_dearabby_title_dearabby_2012_7_28_0_lack_of_eye_contact_betrays_shy_3WLEIWSYHRW65O9C6P4NO5K8FC42HC_101_1,direct,True,supports_not_acceptable,The norm suggests that making eye contact is generally seen as positive.
SAC041,context-dependent,context-dependent,2,avoiding eye contact is rude,SC101_rot_rocstories_f1fc230b_0404_4955_abe6_4fed525fb930_sentence3_3LJ7UR74RKS8IYAAD1IOM4E2IUG4N7_87_1,direct,True,supports_not_acceptable,The norm indicates that avoiding eye contact can be perceived as rude.
SAC041,context-dependent,context-dependent,3,avoiding eye contact is acceptable,SC101_rot_reddit_confessions_7wrkgg_35K3O9HUAESEM8UM4JBONLHK02AFEU_73_2,direct,True,supports_acceptable,"The norm suggests that avoiding eye contact can be acceptable, especially if cultural pressure is weak."
SAC041,context-dependent,context-dependent,4,not expecting eye contact is acceptable,SC101_rot_rocstories_463e7208_27c5_4a82_b3e4_a656dcfe86cc_sentence1_3VHP9MDGRQZZPAA88S5TXXHH9DUFC2_42_2,direct,True,supports_acceptable,The norm suggests that it is not always necessary to expect eye contact.
SAC042,acceptable,acceptable,1,avoiding eye contact can be acceptable,SC101_rot_reddit_confessions_7wrkgg_35K3O9HUAESEM8UM4JBONLHK02AFEU_73_2,direct,True,supports_acceptable,"The norm suggests that avoiding eye contact is acceptable but discretionary, aligning with the cultural context."
SAC042,acceptable,acceptable,2,avoiding eye contact is sometimes seen as rude,SC101_rot_rocstories_f1fc230b_0404_4955_abe6_4fed525fb930_sentence3_3LJ7UR74RKS8IYAAD1IOM4E2IUG4N7_87_1,direct,True,supports_not_acceptable,"This norm suggests that avoiding eye contact can be seen as rude, which contrasts with the cultural context."
SAC042,acceptable,acceptable,3,making eye contact is generally good,SC101_rot_dearabby_title_dearabby_2012_7_28_0_lack_of_eye_contact_betrays_shy_3WLEIWSYHRW65O9C6P4NO5K8FC42HC_101_1,direct,True,supports_not_acceptable,"This norm suggests that making eye contact is generally good, which may not align with the cultural context."
SAC043,acceptable,acceptable,1,using formal greetings is polite,SC101_rot_reddit_amitheasshole_arfrar_3180JW2OT7RUVRNPC896YP3Z5TPJ5C_4_1,direct,True,supports_acceptable,"Using formal language is considered polite, which aligns with the scenario."
SAC045,context-dependent,context-dependent,1,open communication is encouraged in relationships,SC101_rot_reddit_amitheasshole_atmjad_3NS0A6KXC7NIB3HDBQVJQGIEHC1ZG7_83_1,direct,True,supports_acceptable,"Open communication is generally seen as positive, but the scenario involves giving a short answer, which may not fully align with this norm."
SAC045,context-dependent,context-dependent,2,being open about feelings is good,SC101_rot_reddit_amitheasshole_apr7jh_3MB8LZR5BI8380WSMGPPGTZ9675KLE_2_1,direct,True,supports_acceptable,"Being open about feelings is encouraged, but the scenario involves not fully expressing feelings."
SAC047,acceptable,acceptable,1,asking personal questions of strangers is rude,SC101_rot_dearabby_title_dearabby_2016_9_27_1_nervy_strangers_question_babys_parentage_3Z7EFSHGNCTGPW1T8MBF34HOFY9XCS_123_2,indirect,False,background_only,"The norm is about asking questions, not about greeting."
SAC047,acceptable,acceptable,2,it's polite to greet strangers and make them feel welcome,SC101_rot_reddit_confessions_84o7lp_3OF2M9AATJ3NDPDW1HGYO8A7WMEZK0_83_1,direct,True,supports_acceptable,This norm directly relates to greeting strangers.
SAC048,context-dependent,context-dependent,1,greeting strangers is polite,SC101_rot_reddit_confessions_84o7lp_3OF2M9AATJ3NDPDW1HGYO8A7WMEZK0_83_1,direct,True,supports_acceptable,This norm directly relates to the scenario of greeting strangers.
SAC048,context-dependent,context-dependent,2,asking personal questions of strangers is rude,SC101_rot_dearabby_title_dearabby_2016_9_27_1_nervy_strangers_question_babys_parentage_3Z7EFSHGNCTGPW1T8MBF34HOFY9XCS_123_2,irrelevant,False,background_only,"This norm is about asking questions, not greeting."
SAC049,not acceptable,context-dependent,1,asking private questions requires closeness or consent,SC101_rot_dearabby_title_dearabby_2017_9_11_1_strangers_share_too_much_information_in_3LBXNTKX0UAERYUQW21O1EGG97R9XW_19_2,indirect,True,supports_not_acceptable,"Asking about age can be seen as asking for personal information, which may be uncomfortable."
SAC049,not acceptable,context-dependent,2,getting mad if someone asks your age is not acceptable,SC101_rot_dearabby_title_dearabby_2019_8_26_0_man_is_embarrassed_when_wife_asks_3U5NZHP4LUH2XVAI8NFZKIS1QP9HPX_138_2,indirect,True,supports_acceptable,"The norm suggests that asking age should not provoke anger, implying some level of acceptability."
SAC051,not acceptable,not acceptable,1,telling someone they gained weight is rude,SC101_rot_rocstories_7268373a_d969_49eb_8c6d_d5d0233c919b_sentence3_3Y4W8Q93L2ZYQZ2C8358ZP2LI3GDV2_117_1,direct,True,supports_not_acceptable,The norm directly addresses the action of telling someone they gained weight and labels it as rude.
SAC051,not acceptable,not acceptable,2,unsolicited body comments are hurtful,SC101_rot_rocstories_3dcf5f38_497c_4d87_8fa5_b912349319ce_sentence2_3MD9PLUKKLTOLVYZYU8EG0RBI01ZNH_16_3,direct,True,supports_not_acceptable,The norm reinforces that unsolicited comments about weight are considered rude.
SAC052,context-dependent,context-dependent,1,telling someone they gained weight is rude,SC101_rot_rocstories_3dcf5f38_497c_4d87_8fa5_b912349319ce_sentence2_3MD9PLUKKLTOLVYZYU8EG0RBI01ZNH_16_3,direct,True,supports_not_acceptable,The norm directly states that telling someone they gained weight is rude.
SAC052,context-dependent,context-dependent,2,it's rude to tell someone they've gained weight,SC101_rot_rocstories_7268373a_d969_49eb_8c6d_d5d0233c919b_sentence3_3Y4W8Q93L2ZYQZ2C8358ZP2LI3GDV2_117_1,direct,True,supports_not_acceptable,This norm reinforces the idea that such comments are considered rude.
SAC052,context-dependent,context-dependent,3,letting someone know they would be healthier if they lost weight is context-dependent,SC101_rot_rocstories_ff2dcd8b_7d47_44b1_adc6_a4172821ad3a_sentence3_3MD9PLUKKLTOLVYZYU8EG0RBJARNZG_48_1,indirect,True,supports_context_dependent,This norm suggests that health-related comments can be context-dependent.
SAC053,acceptable,acceptable,1,splitting a bill equally is polite,SC101_rot_reddit_amitheasshole_b7euav_39DD6S19JSQKRPLM5V5VQDX2XGNZEO_94_2,direct,True,supports_acceptable,The norm directly supports the action of splitting a bill equally as polite.
SAC053,acceptable,acceptable,2,it's fair to split the bill when eating out with others,SC101_rot_reddit_amitheasshole_aje0q1_3JAOYWH7VLJJR4D1IJY0QKLTVX1L9X_127_1,direct,True,supports_acceptable,The norm supports the fairness of splitting the bill when dining with others.
SAC054,context-dependent,context-dependent,1,splitting a bill equally is polite,SC101_rot_reddit_amitheasshole_b7euav_39DD6S19JSQKRPLM5V5VQDX2XGNZEO_94_2,direct,True,supports_acceptable,This norm directly supports the idea that splitting a bill is acceptable.
SAC054,context-dependent,context-dependent,2,it's okay to want to split a bill,SC101_rot_reddit_amitheasshole_b7wm0t_382M9COHEKU35QRCZ86N9LINWUNUE2_42_1,direct,True,supports_acceptable,"This norm suggests that wanting to split a bill is acceptable, aligning with the scenario."
SAC054,context-dependent,context-dependent,3,splitting bills is context-dependent,SC101_rot_reddit_amitheasshole_aurkgv_379J5II41RV0M04IQUEMIYM4MQWLEE_107_1,indirect,True,supports_context_dependent,"This norm indicates that splitting bills can be context-dependent, which may apply here."
SAC055,not acceptable,not acceptable,1,being late for dinner is bad,SC101_rot_rocstories_baae74a0_f776_41d5_a9d0_7db1b979c843_sentence5_34S6N1K2ZYYC6AVKGVMS31JHL2GHLH_87_1,direct,True,supports_not_acceptable,"The norm directly states that being late for dinner is bad, which applies to the scenario."
SAC055,not acceptable,not acceptable,2,it's rude to be late for dinner,SC101_rot_rocstories_318b9fce_a065_4e6f_a03c_b4feaa8ccc0c_sentence5_3IHR8NYAMAG8LJMNTGVGQTJXIUZ4PR_4_1,direct,True,supports_not_acceptable,"The norm indicates that lateness to dinner is considered rude, which is relevant to the scenario."
SAC055,not acceptable,not acceptable,3,it's understandable to be late to dinner,SC101_rot_dearabby_title_dearabby_2009_6_29_0_tardy_dinner_guest_gets_a_helping_39O5D9O87W749YUFOX4RWOSK96AC3G_101_1,direct,True,supports_context_dependent,"This norm suggests that being late can be understandable, introducing some context dependency."
SAC056,context-dependent,context-dependent,1,being late for dinner is bad,SC101_rot_rocstories_baae74a0_f776_41d5_a9d0_7db1b979c843_sentence5_34S6N1K2ZYYC6AVKGVMS31JHL2GHLH_87_1,direct,True,supports_not_acceptable,"The norm directly states that being late for dinner is bad, which applies to the scenario."
SAC056,context-dependent,context-dependent,2,arriving almost 45 minutes late is negligent,SC101_rot_rocstories_ef937178_a4e8_4585_81ce_cb2adb93fa51_sentence2_3L70J4KAZJ1EYBZEX8EC32O8YFHDAC_19_2,indirect,False,background_only,"The scenario involves being 10 minutes late, not 45, so this norm is less applicable."
SAC056,context-dependent,context-dependent,3,having dinner with friends is good,SC101_rot_rocstories_1367b247_8928_4554_b1b7_20737ffb0b5e_sentence3_3YOH7BII0CM6458M0KRV32XB3ZAVK5_120_1,indirect,True,supports_acceptable,"The norm supports the positive aspect of socializing, but does not address punctuality."
SAC057,not acceptable,not acceptable,1,giving someone your full attention while talking is expected,SC101_rot_reddit_amitheasshole_b3u3ky_3N8OEVH1FU5U4CK4X0XAFRKCMBXOOL_87_1,direct,True,supports_not_acceptable,"The norm directly relates to giving full attention during conversations, which applies to the scenario."
SAC057,not acceptable,not acceptable,2,wanting someone's undivided attention during a conversation is understandable,SC101_rot_reddit_amitheasshole_ao141d_3OVHNO1VE9GFZJ7M90UBKVFH0C1DZ7_87_1,direct,True,supports_not_acceptable,"This norm supports the expectation of undivided attention, relevant to the scenario."
SAC057,not acceptable,not acceptable,3,it's expected that people will give each other their full attention while talking,SC101_rot_reddit_confessions_bdwr7h_3VHHR074H6WFDLP83M0GCOUNBRJL76_17_2,direct,True,supports_not_acceptable,This norm reinforces the expectation of full attention during conversations.
SAC058,context-dependent,context-dependent,1,using a phone while someone is talking to you can be seen as rude,SC101_rot_reddit_amitheasshole_acd1kx_3TE3O85733NJUINF2UGH29MEYCUR24_94_3,indirect,True,supports_not_acceptable,The norm about taking another call while on the phone suggests that interrupting a conversation for phone use is rude.
SAC058,context-dependent,context-dependent,2,phone use should be minimized in social interactions,SC101_rot_rocstories_9a1d00bb_4204_42d9_b46d_f451cabf4714_sentence4_3VSOLARPKEO2B0NCCDU0UYRC1LU93H_42_2,indirect,True,supports_not_acceptable,"The norm suggests putting the phone away after interactions, implying phone use during interactions is discouraged."
SAC059,context-dependent,context-dependent,1,feeling uncomfortable over an expensive gift is understandable,SC101_rot_reddit_amitheasshole_a61nlo_3HFNH7HEMKT9XBGMOUC6ZN6ACB5GQN_87_1,direct,True,supports_context_dependent,"The norm acknowledges that expensive gifts can cause discomfort, which aligns with the cultural context."
SAC059,context-dependent,context-dependent,2,you shouldn't buy expensive gifts for people,SC101_rot_dearabby_title_dearabby_2016_3_11_2_how_to_say_thank_you_for_36ZN444YTUDK8Q91Z5K5VUOQHP0OI9_42_3,direct,True,supports_not_acceptable,This norm suggests that buying expensive gifts is generally not acceptable.
SAC059,context-dependent,context-dependent,3,it's good to buy expensive gifts for people,SC101_rot_reddit_amitheasshole_b5imnv_386PBUZZXIC8XGQA4VPDFEZWTBAJL7_42_1,direct,True,supports_acceptable,This norm suggests that buying expensive gifts can be seen positively.
SAC060,not acceptable,not acceptable,1,buying expensive gifts for people is generally discouraged,SC101_rot_dearabby_title_dearabby_2016_3_11_2_how_to_say_thank_you_for_36ZN444YTUDK8Q91Z5K5VUOQHP0OI9_42_3,direct,True,supports_not_acceptable,"The norm directly discourages buying expensive gifts, which aligns with the scenario."
SAC060,not acceptable,not acceptable,2,it's understandable to feel uncomfortable over an expensive gift,SC101_rot_reddit_amitheasshole_a61nlo_3HFNH7HEMKT9XBGMOUC6ZN6ACB5GQN_87_1,direct,True,supports_not_acceptable,"This norm suggests that expensive gifts can cause discomfort, relevant to the scenario."
SAC060,not acceptable,not acceptable,3,it's rude to refuse an expensive gift,SC101_rot_reddit_amitheasshole_akm7tj_333U7HK6ICUPZ42IRERPW1RRHEKDJI_30_3,indirect,False,background_only,"This norm is about refusing gifts, not giving them, so it doesn't directly apply."
SAC061,acceptable,acceptable,1,keeping private things private is acceptable,SC101_rot_reddit_amitheasshole_ak33h1_3HSYG7LRBMDSOUEA1GDO1TMUJETKKK_105_1,direct,True,supports_acceptable,The norm directly supports the acceptability of keeping private details private.
SAC061,acceptable,acceptable,2,it is your right to keep things private,SC101_rot_reddit_amitheasshole_asjjlw_3VJ40NV2QL2AH4PCTHJ991QZGL6OTY_16_1,direct,True,supports_acceptable,"The norm emphasizes personal rights to privacy, supporting the scenario."
SAC061,acceptable,acceptable,3,keeping private life private is acceptable,SC101_rot_reddit_amitheasshole_atwxnu_38F71OA9GWBCYWMZLHZ70TMTXMTMF6_111_1,direct,True,supports_acceptable,The norm supports the acceptability of maintaining privacy in personal life.
SAC062,context-dependent,context-dependent,1,keeping some things private from friends is okay,SC101_rot_reddit_confessions_9b5ylg_3CFJTT4SXW5DNKH2IJ33K82VUAGI7Q_17_1,direct,True,supports_acceptable,This norm directly supports the idea that keeping some details private from friends is acceptable.
SAC062,context-dependent,context-dependent,2,"it's wrong to share some private things, even among friends",SC101_rot_reddit_confessions_9e53rt_3UXUOQ9OKHCYH2Y46VBQ3AECHP0A7D_121_2,direct,False,background_only,"This norm is about sharing private things, which is not the action in the scenario."
SAC062,context-dependent,context-dependent,3,you shouldn't keep secrets from your close friends,SC101_rot_reddit_amitheasshole_am71dp_3ZOTGHDK5LQ924CX4HEJZWUDK76OS3_42_1,direct,True,supports_not_acceptable,This norm suggests that keeping secrets from close friends is not acceptable.
SAC063,acceptable,acceptable,1,It's OK to choose not to tell people when you're traveling out of state.,SC101_rot_reddit_amitheasshole_b6cxc3_3TPWUS5F8CG10WW3YHFT1L3HZQUCWM_100_3,direct,True,supports_acceptable,This norm directly addresses the scenario and supports the acceptability of not informing others about travel.
SAC063,acceptable,acceptable,2,You have the right to your privacy if you do not want to tell people about something.,SC101_rot_reddit_amitheasshole_amy4hq_3AZHRG4CU7ZKF6ZZCHB71NQJO8530C_16_4,direct,True,supports_acceptable,This norm supports the idea that maintaining privacy about travel plans is acceptable.
SAC063,acceptable,acceptable,3,We should allow adults autonomy and not make them do things.,SC101_rot_rocstories_b6f1d412_8de6_4516_a45f_ec27518615aa_sentence2_39K0FND3AKUH255RA1DFMSB25C7AMP_8_1,indirect,True,supports_acceptable,This norm indirectly supports the scenario by emphasizing adult autonomy.
SAC064,context-dependent,context-dependent,1,It's OK to choose not to tell people when you're traveling out of state.,SC101_rot_reddit_amitheasshole_b6cxc3_3TPWUS5F8CG10WW3YHFT1L3HZQUCWM_100_3,direct,True,supports_acceptable,This norm directly addresses the action of not informing others about travel plans.
SAC064,context-dependent,context-dependent,2,It's good to share your future plans with people so they know what you will be doing.,SC101_rot_reddit_amitheasshole_az0mm8_3JV9LGBJWWT6CZ369HK2AIBAWX9GOA_42_3,direct,True,supports_not_acceptable,This norm suggests that sharing travel plans is generally positive.
SAC064,context-dependent,context-dependent,3,Family may expect to know travel plans for safety and connection.,culture_context,direct,True,supports_not_acceptable,The cultural context indicates a family expectation to share travel plans.
SAC065,acceptable,acceptable,1,not sharing your phone password with your partner is context-dependent,SC101_rot_reddit_amitheasshole_aiiutg_3VFJCI1K42E99CVM19164DGF7I5RG2_42_2,direct,True,supports_context_dependent,"The norm suggests that sharing phone passwords with partners is context-dependent, indicating it may depend on relationship dynamics."
SAC065,acceptable,acceptable,2,not sharing your phone password with others is not acceptable,SC101_rot_reddit_confessions_avv3wz_3BF51CHDTYPZ9E6YR2095HRTM6TH04_42_1,direct,True,supports_not_acceptable,"This norm suggests that sharing phone passwords is generally not acceptable, supporting privacy."
SAC065,acceptable,acceptable,3,your phone is your personal privacy and others should not look at it,SC101_rot_reddit_amitheasshole_b5vo6z_3YWRV122CVEMWPHLM5KNHBM1N2WU8Y_94_1,direct,True,supports_acceptable,This norm supports the idea that maintaining phone privacy is acceptable.
SAC065,acceptable,acceptable,4,it's okay if you don't want to share your personal phone,SC101_rot_reddit_amitheasshole_ap3mh8_3X66WABAJZXHQAAKQJ0AMFDZZRP3GI_42_2,direct,True,supports_acceptable,This norm supports the acceptability of not sharing personal devices.
SAC065,acceptable,acceptable,5,wanting privacy from your significant other on personal devices is context-dependent,SC101_rot_reddit_amitheasshole_akk31z_3QUO65DNQX3PHH41TM9JEXC15AWUO6_129_2,direct,True,supports_context_dependent,"This norm suggests that privacy from a partner is context-dependent, indicating it may depend on relationship specifics."
SAC066,context-dependent,context-dependent,1,not sharing phone passwords is context-dependent,SC101_rot_reddit_amitheasshole_aiiutg_3VFJCI1K42E99CVM19164DGF7I5RG2_42_2,direct,True,supports_context_dependent,"The norm suggests that sharing phone passwords with a partner is context-dependent, aligning with the scenario."
SAC066,context-dependent,context-dependent,2,sharing phone passwords with others is not acceptable,SC101_rot_reddit_confessions_avv3wz_3BF51CHDTYPZ9E6YR2095HRTM6TH04_42_1,direct,True,supports_not_acceptable,"The norm indicates that sharing phone passwords is generally not acceptable, supporting privacy."
SAC066,context-dependent,context-dependent,3,invading someone's phone privacy is bad,SC101_rot_reddit_amitheasshole_aiaa7e_3ZAZR5XV04X5UR1894Z00PXZFBWZCY_5_2,direct,True,supports_not_acceptable,This norm supports the idea that maintaining phone privacy is important.
SAC067,acceptable,not acceptable,1,posting things without consent is not acceptable,SC101_rot_reddit_amitheasshole_b16hny_3HYA4D452UYMRSI6BZGNLK8VU4I2FE_42_1,direct,True,supports_not_acceptable,"The norm directly addresses posting without consent, which is the core issue in the scenario."
SAC067,acceptable,not acceptable,2,posting someone's picture without their consent is wrong,SC101_rot_dearabby_title_dearabby_2018_2_11_2_couple_backs_away_from_appearing_in_326O153BMLDHOOGQDDGYZLEZLHDEDI_123_2,direct,True,supports_not_acceptable,This norm is directly relevant as it addresses posting pictures without consent.
SAC067,acceptable,not acceptable,3,it's rude to post a video of someone online without their consent,SC101_rot_rocstories_16b3e788_6171_4e45_a61a_2e4368dba318_sentence5_39K0FND3AKUH255RA1DFMSB265ZAM4_104_1,direct,True,supports_not_acceptable,"The norm about videos is analogous to photos, reinforcing the importance of consent."
SAC067,acceptable,not acceptable,4,it's bad to post photos of people online without their permission,SC101_rot_dearabby_title_dearabby_2009_2_10_0_photos_posted_online_irk_woman_preferring_3NQL1CS15UN1OAX34ZSMCACM326YV4_38_2,direct,True,supports_not_acceptable,This norm directly supports the scenario's focus on consent for posting photos.
SAC067,acceptable,not acceptable,5,you shouldn't post something on social media without your partner's consent if it bothers them,SC101_rot_reddit_confessions_etdfqg_32N49TQG3JX0SSZ0OTE69OUF2YFAVU_42_3,indirect,True,supports_not_acceptable,"While about partners, it highlights the importance of consent in close relationships."
SAC068,acceptable,not acceptable,1,posting photos of people online without their permission is bad,SC101_rot_dearabby_title_dearabby_2009_2_10_0_photos_posted_online_irk_woman_preferring_3NQL1CS15UN1OAX34ZSMCACM326YV4_38_2,direct,True,supports_not_acceptable,Directly relates to the scenario of posting photos without consent.
SAC068,acceptable,not acceptable,2,it's generally impolite to put a photo of someone on social media without their consent,SC101_rot_reddit_amitheasshole_anieof_3YDGXNSEO29NFRN67ZT547O7L5M84W_100_4,direct,True,supports_not_acceptable,Directly applies to the scenario of posting photos without consent.
SAC068,acceptable,not acceptable,3,you shouldn't post things others post without their consent,SC101_rot_reddit_amitheasshole_b16hny_3HYA4D452UYMRSI6BZGNLK8VU4I2FE_42_1,direct,True,supports_not_acceptable,Directly applies to the scenario of posting photos without consent.
SAC069,not acceptable,not acceptable,1,not following through on commitments is bad,SC101_rot_reddit_amitheasshole_ax9t4t_3PW9OPU9PTZV1DOY4012WI41NMG218_87_2,direct,True,supports_not_acceptable,Directly addresses the scenario of pulling out of a group project at the last minute.
SAC069,not acceptable,not acceptable,2,backing out of commitments at the last minute is bad,SC101_rot_dearabby_title_dearabby_2001_2_3_0_verbal_wedding_invitation_requires_follow_through_3TUI152ZZE2CTWQJ6BR3S024FMV1QM_131_3,direct,True,supports_not_acceptable,Directly relevant to the scenario of last-minute withdrawal from commitments.
SAC069,not acceptable,not acceptable,3,quitting last minute and leaving people hanging is bad,SC101_rot_reddit_amitheasshole_ax9t4t_3PW9OPU9PTZV1DOY4012WI41NMG218_87_1,direct,True,supports_not_acceptable,Directly addresses the scenario of pulling out of a group project at the last minute.
SAC069,not acceptable,not acceptable,4,not helping a group with a project you were supposed to help with is wrong,SC101_rot_reddit_amitheasshole_b76p6r_3VP0C6EFSJBGF3TOKOW36N9G6BGM67_107_5,direct,True,supports_not_acceptable,Directly relevant to the scenario of not fulfilling group project obligations.
SAC069,not acceptable,not acceptable,5,backing out of plans when they were changed last minute without consulting you is reasonable,SC101_rot_reddit_amitheasshole_am9bk5_30OG32W0SXQQA07327U1VQQTTC2NE8_100_4,indirect,False,background_only,Does not apply as there is no indication plans were changed without consultation.
SAC070,not acceptable,not acceptable,1,making decisions that affect a group project without checking with everyone else is not acceptable,SC101_rot_reddit_amitheasshole_avzd8f_34T446B1C3T8S6VI5AM8UQUD1FA0CU_48_2,direct,True,supports_not_acceptable,"The scenario involves pulling out of a group project, which affects the group without prior consultation."
SAC070,not acceptable,not acceptable,2,not helping a group with a group project that you were supposed to help with is not acceptable,SC101_rot_reddit_amitheasshole_b76p6r_3VP0C6EFSJBGF3TOKOW36N9G6BGM67_107_5,direct,True,supports_not_acceptable,The action of pulling out last minute implies not helping the group as expected.
SAC070,not acceptable,not acceptable,3,quitting last minute and leaving people hanging is bad,SC101_rot_reddit_amitheasshole_ax9t4t_3PW9OPU9PTZV1DOY4012WI41NMG218_87_1,direct,True,supports_not_acceptable,"The scenario directly involves quitting last minute, leaving the group in a difficult position."
SAC070,not acceptable,not acceptable,4,it's expected that you contribute your work to a group project,SC101_rot_reddit_amitheasshole_av3jsx_3LPW2N6LKWH397YJO7DK5RCALFUU51_120_1,direct,True,supports_not_acceptable,The expectation to contribute is violated by pulling out last minute.
SAC071,context-dependent,context-dependent,1,requesting a refund if you got an unsatisfactory product is acceptable but discretionary,SC101_rot_rocstories_c26a7887_bdc0_476c_b2d8_1a36d63702b5_sentence5_3DY4FPOOA43SR9LHQ40S4EJPW6KVR6_120_1,direct,True,supports_context_dependent,"The acceptability of a refund depends on product satisfaction, which is not specified in the scenario."
SAC071,context-dependent,context-dependent,2,fulfilling the terms of a contract completely is expected,SC101_rot_reddit_confessions_bwvg3u_3GFK2QRXXCWG1BNOJ7SLNFX7J8LW5L_4_1,direct,True,supports_acceptable,"The scenario involves adhering to agreed terms, which aligns with fulfilling contract terms."
SAC071,context-dependent,context-dependent,3,not giving a refund if you provided a complete service is acceptable but discretionary,SC101_rot_reddit_amitheasshole_ajx4cs_3Z3ZLGNNSL983Z4YTF5MGTH17QJ3QO_107_1,direct,True,supports_acceptable,"If the service was complete, not giving a refund is acceptable."
SAC072,acceptable,not acceptable,1,disregarding previous agreements is not acceptable,SC101_rot_reddit_amitheasshole_b8zu9u_33LK57MYLWKL18Q46QP0FU1H2QISZA_94_1,direct,True,supports_not_acceptable,"The scenario involves not honoring a previous agreement, which aligns with this norm."
SAC072,acceptable,not acceptable,2,following through with agreed terms is expected,SC101_rot_reddit_amitheasshole_9v3du4_3G5F9DBFOSCF2F7EUZOYQAHJ7H2HVD_107_2,direct,True,supports_not_acceptable,The expectation to follow through with agreements supports the view that not refunding is not acceptable.
SAC072,acceptable,not acceptable,3,it is wrong to refuse a refund if there is a good reason,SC101_rot_reddit_amitheasshole_ali5kx_3KXIR214I7VCTCLHRIK4UGB45E442N_107_1,indirect,True,supports_context_dependent,This norm suggests context matters if there is a good reason for a refund.
SAC073,acceptable,acceptable,1,apologies should be without strings,SC101_rot_reddit_amitheasshole_b7ng4i_3OF2M9AATJ3NDPDW1HGYO8A7NNTKZT_30_2,direct,True,supports_acceptable,"The scenario involves an apology, and the norm supports that apologies without strings are acceptable."
SAC073,acceptable,acceptable,2,late apologies can be acceptable when they acknowledge harm without demanding forgiveness,dataset_culture_context,direct,True,supports_acceptable,The cultural context directly supports the acceptability of late apologies if they acknowledge harm.
SAC074,acceptable,context-dependent,1,making someone wait years for your apology is bad,SC101_rot_dearabby_title_dearabby_2000_1_17_0_years_of_separation_end_with_simple_3FQ5JJ512O3TW0ZDYT54TL3YINUKNI_121_3,direct,True,supports_not_acceptable,"The norm directly addresses the delay in apology, which is central to the scenario."
SAC074,acceptable,context-dependent,2,rejecting an apology is bad,SC101_rot_reddit_amitheasshole_a02lcc_3PMBY0YE2AIQO0JV5651N1V6341C9K_30_2,indirect,False,background_only,"This norm is about the response to an apology, not the act of apologizing itself."
SAC074,acceptable,context-dependent,3,wanting an apology if wronged is okay,SC101_rot_reddit_amitheasshole_aup2pc_352YTHGROYSG82OZA3NBHKH6RCW4H6_120_1,indirect,False,background_only,"This norm is about the expectation of an apology, not the act of giving one."
SAC074,acceptable,context-dependent,4,not forgiving someone after years is bad,SC101_rot_reddit_amitheasshole_a06vp7_34V1S5K3GVG18JAUVFSY113W5KQ69O_40_2,indirect,False,background_only,"This norm is about forgiveness, not the act of apologizing."
SAC075,context-dependent,context-dependent,1,keeping affairs a secret as to avoid hurting the person being cheated on,SC101_rot_reddit_amitheasshole_apovms_352YTHGROYSG82OZA3NBHKH6S454H0_94_4,direct,True,supports_acceptable,This norm suggests that keeping quiet about affairs can be acceptable to avoid causing harm.
SAC075,context-dependent,context-dependent,2,telling someone if their partner cheated on them is good,SC101_rot_reddit_amitheasshole_adhuiw_3VD82FOHKT3TVNN17VOJKRQVY0OOC5_42_3,direct,True,supports_not_acceptable,This norm suggests that honesty and informing the harmed person is a positive action.
SAC075,context-dependent,context-dependent,3,some things should be kept private,SC101_rot_dearabby_title_dearabby_2018_7_2_0_teens_are_kept_in_the_dark_3N4BPTXIOB76RQJMVUHQ7GVSRQ6UKI_105_1,indirect,True,supports_context_dependent,"This norm indicates that privacy can be a reason to keep quiet, but it's context-dependent."
SAC076,not acceptable,not acceptable,1,betraying someone's trust is not acceptable,SC101_rot_reddit_amitheasshole_9y0mq1_3YZ8UPK3VW1O8S7Y3H0SJXIKAM0UC6_129_3,direct,True,supports_not_acceptable,"The scenario involves not respecting a friend's request, which can be seen as a betrayal of trust."
SAC076,not acceptable,not acceptable,2,it's polite to ask friends to delete a photo if you don't like it,SC101_rot_reddit_confessions_a7c6pt_3M1CVSFP63K8NK3J2UKW31V7M7YQAH_83_4,indirect,True,background_only,"The norm supports the friend's action of asking for the photo to be deleted, but does not directly address the refusal."
SAC076,not acceptable,not acceptable,3,it's wrong to let someone down when they think they can trust you,SC101_rot_reddit_amitheasshole_b17rv9_3ZSANO2JCIMFWRZ45EVTC2LZS3LFS8_105_1,direct,True,supports_not_acceptable,Not deleting the photo when asked can be seen as letting the friend down.
SAC077,not acceptable,not acceptable,1,asking friends to delete a photo is acceptable but discretionary,SC101_rot_reddit_confessions_a7c6pt_3M1CVSFP63K8NK3J2UKW31V7M7YQAH_83_4,direct,True,background_only,"The norm suggests that asking to delete a photo is acceptable, but it doesn't address the refusal to comply."
SAC077,not acceptable,not acceptable,2,respecting privacy is important,SC101_rot_reddit_confessions_ekmq5u_3OJSZ2ATDVB1BWMNBZK9VZYQQG775N_129_3,indirect,True,supports_not_acceptable,"The norm implies that privacy should be respected, which aligns with the cultural emphasis on consent."
SAC078,context-dependent,context-dependent,1,cancelling on your friends at the last minute is not acceptable,SC101_rot_reddit_amitheasshole_aaqi60_3WSELTNVR6HLF0VBJYER866UVNYTA6_42_1,direct,True,supports_not_acceptable,This norm directly addresses the action of cancelling on friends last minute.
SAC078,context-dependent,context-dependent,2,it's okay to be annoyed if someone changes their mind at the last minute,SC101_rot_reddit_amitheasshole_awbgc3_3NJM2BJS4ZLBGNZ2MV1Y9RVL88UPC3_117_1,direct,True,background_only,"This norm reflects the expected reaction of the friend, not the action itself."
SAC078,context-dependent,context-dependent,3,"self-care is valued, but reliability and communication still matter",culture_context,irrelevant,True,supports_context_dependent,The cultural context suggests a balance between self-care and reliability.
SAC079,not acceptable,not acceptable,1,it's bad to cancel on friends at the last minute,SC101_rot_reddit_amitheasshole_aaqi60_3WSELTNVR6HLF0VBJYER866UVNYTA6_42_1,direct,True,supports_not_acceptable,The norm directly addresses the action of canceling on friends at the last minute.
SAC079,not acceptable,not acceptable,2,it's rude to cancel plans at the last minute,SC101_rot_rocstories_6d3839f2_342d_4602_90c5_45d6ae7b6e0a_sentence4_3TMFV4NEPBTZOT6QH5ZOZZ7YGR08WU_4_3,direct,True,supports_not_acceptable,"The norm highlights the rudeness of canceling plans last minute, which applies to the scenario."
SAC079,not acceptable,not acceptable,3,it's okay to be annoyed if someone changes their mind at the last minute,SC101_rot_reddit_amitheasshole_awbgc3_3NJM2BJS4ZLBGNZ2MV1Y9RVL88UPC3_117_1,indirect,True,background_only,This norm provides context on the expected reaction to last-minute cancellations.
SAC080,context-dependent,context-dependent,1,being offended by blunt honesty is understandable,SC101_rot_reddit_confessions_28149j_36NEMU28XISE9I8UB6974H8T4F7MWK_129_1,direct,True,supports_context_dependent,"The norm suggests that blunt honesty can be offensive, which aligns with the scenario of telling a friend you didn't like their gift."
SAC080,context-dependent,context-dependent,2,honesty with a friend is acceptable if it helps them improve,SC101_rot_reddit_confessions_bba91w_358UUM7WR2IQGJKL86XCY03MI0XR7Q_87_4,indirect,False,background_only,"This norm is about honesty for improvement, which doesn't directly apply to the scenario of disliking a gift."
SAC080,context-dependent,context-dependent,3,intentionally hurting a friend is wrong,SC101_rot_dearabby_title_dearabby_2019_4_12_2_effort_to_avoid_hurting_friend_has_35DR22AR5GZSCW5AFT0EA1DU9GZX3N_87_1,direct,True,supports_not_acceptable,"This norm suggests that if the honesty was intended to hurt, it would be wrong."
SAC080,context-dependent,context-dependent,4,not liking a gift is fine,SC101_rot_rocstories_ad69e8b4_7ce9_4b6c_ba6f_03f12c61f5cd_sentence3_3G5W44VEUAXNM8IRBPS931U1FXIGKM_120_1,indirect,True,supports_context_dependent,"The norm indicates that disliking a gift is acceptable, but doesn't address expressing that dislike."
SAC081,not acceptable,not acceptable,1,maintaining harmony is expected,SC101_rot_reddit_amitheasshole_aph8ho_39GXDJN2OWTM946LRVUSDXOK1948V0_89_3,indirect,True,supports_not_acceptable,The norm about maintaining harmony at work indirectly supports the idea that maintaining harmony in personal relationships is also expected.
SAC081,not acceptable,not acceptable,2,expressing negative opinions is context-dependent,SC101_rot_reddit_amitheasshole_ale554_3P59JYT76OZWAX076JLC2ONWLR72TV_129_5,indirect,True,supports_context_dependent,"Expressing negative opinions is context-dependent, but this is more about public figures than personal relationships."
SAC082,context-dependent,not acceptable,1,ignoring someone's messages is rude,SC101_rot_reddit_amitheasshole_azx78a_3X0H8UUIT43H7DLZV35TGQ7ZLOJSWP_87_1,direct,True,supports_not_acceptable,"Directly addresses the action of ignoring messages, which is the scenario in question."
SAC082,context-dependent,not acceptable,2,responding to friends' messages promptly is expected,SC101_rot_rocstories_282d27aa_10ab_46a0_b454_65b10ca46e37_sentence1_3KWTYT0873I0QHBPFTLJE4GRE67L5A_45_1,direct,True,supports_not_acceptable,Emphasizes the expectation of prompt communication with friends.
SAC082,context-dependent,not acceptable,3,delays in response can signal disrespect,SC101_rot_reddit_amitheasshole_azx78a_3X0H8UUIT43H7DLZV35TGQ7ZLOJSWP_87_1,indirect,True,supports_not_acceptable,Aligns with the cultural context that lack of response can be seen as disrespectful.
SAC083,not acceptable,not acceptable,1,responding to messages in a timely manner is expected,SC101_rot_reddit_amitheasshole_ay5dtm_386CSBG1O2170IRGCH3KNWTLHEM6QS_111_2,direct,True,supports_not_acceptable,The norm directly supports the expectation of timely responses in communication.
SAC083,not acceptable,not acceptable,2,responding to messages in a timely manner is expected,SC101_rot_reddit_amitheasshole_aw0345_35BLDD71I9C1T0780LU5QHLO28CZVF_111_2,direct,True,supports_not_acceptable,Reinforces the expectation of timely communication in relationships.
SAC083,not acceptable,not acceptable,3,it's understandable to end a friendship when you are being ignored,SC101_rot_reddit_amitheasshole_azx78a_3X0H8UUIT43H7DLZV35TGQ7ZLOJSWP_87_2,indirect,True,supports_not_acceptable,Indicates potential negative consequences of ignoring messages.
SAC084,not acceptable,not acceptable,1,providing emotional support is expected in close relationships,SC101_rot_reddit_amitheasshole_asjqiz_3TPWUS5F8CG10WW3YHFT1L3H2KECWX_42_5,direct,True,supports_not_acceptable,The norm directly supports the expectation of providing emotional support in close relationships.
SAC084,not acceptable,not acceptable,2,it's kind to show support for a friend during difficult times,SC101_rot_dearabby_title_dearabby_2011_8_15_0_friend_cant_muster_sympathy_for_woman_3YOH7BII0CM6458M0KRV32XB50JVKI_4_3,direct,True,supports_not_acceptable,This norm emphasizes the kindness and expectation of supporting friends in difficult times.
SAC084,not acceptable,not acceptable,3,seeking emotional support from a friend is acceptable but discretionary,SC101_rot_reddit_amitheasshole_apn1xe_39DD6S19JSQKRPLM5V5VQDX21JHZES_120_2,indirect,False,background_only,"This norm is about seeking support, not providing it, so it doesn't directly apply."
SAC085,not acceptable,not acceptable,1,showing support for a friend during a difficult time is kind,SC101_rot_dearabby_title_dearabby_2011_8_15_0_friend_cant_muster_sympathy_for_woman_3YOH7BII0CM6458M0KRV32XB50JVKI_4_3,direct,True,supports_not_acceptable,This norm directly applies as it emphasizes the importance of supporting friends during difficult times.
SAC085,not acceptable,not acceptable,2,it is expected to be there for a friend during a difficult time,SC101_rot_reddit_amitheasshole_b3h1a3_33LKR6A5KHZPLCIBNFLYX5DRREBT17_30_2,direct,True,supports_not_acceptable,"This norm directly supports the expectation of being there for friends, aligning with the scenario."
SAC086,acceptable,acceptable,1,defending your mental health is important,SC101_rot_reddit_amitheasshole_a4o62b_3LKC68YZ3DI29LT6OMOKWLXYO3RWOF_111_1,direct,True,supports_acceptable,This norm directly supports the action of distancing oneself to protect mental health.
SAC086,acceptable,acceptable,2,it's good to help a friend who is having mental health issues,SC101_rot_reddit_amitheasshole_aqxx9q_33CUSNVVNQROYSA8J2JILJ4COFG88E_4_1,direct,True,supports_not_acceptable,"This norm suggests that helping a friend with mental health issues is a positive action, which contrasts with distancing."
SAC086,acceptable,acceptable,3,it's unfair to constantly burden your friend with all of your mental problems,SC101_rot_reddit_amitheasshole_9w3fv4_36V4Q8R5ZNF9PLC8ZXA1CSQ75KBMQ2_41_1,direct,True,supports_acceptable,This norm supports the idea that distancing can be justified if the friend is overly burdensome.
SAC087,context-dependent,context-dependent,1,distancing from a negative friend is okay,SC101_rot_reddit_confessions_8vvnmk_3E337GFOLCNOUE3U82KPVTB5EBSGN3_129_5,direct,True,supports_acceptable,"The norm directly addresses distancing from a negative friend, which matches the scenario."
SAC087,context-dependent,context-dependent,2,you should never distance yourself from a friend,SC101_rot_reddit_amitheasshole_a85sa1_3X0H8UUIT43H7DLZV35TGQ7ZHSCWSQ_94_2,direct,True,supports_not_acceptable,"This norm suggests distancing from any friend is not acceptable, conflicting with other norms."
SAC087,context-dependent,context-dependent,3,friends should work through difficult situations,SC101_rot_reddit_amitheasshole_aon9gn_3KOPY89HMBHRHC0LYPLDJS5FQ1JJ3E_4_3,direct,True,supports_not_acceptable,"This norm suggests trying to resolve issues rather than distancing, which conflicts with distancing."
SAC088,context-dependent,context-dependent,1,being respectful of your teacher is expected,SC101_rot_rocstories_7a8f0ba7_aa0c_4ed8_a56d_11e7ca6e7f59_sentence1_3ZDAD0O1T4SXBD34U865SEHS2N4TX7_129_3,direct,True,supports_acceptable,Respectful questioning aligns with cultural norms.
SAC088,context-dependent,context-dependent,2,being respectful when questioning superiors is expected,SC101_rot_reddit_amitheasshole_aon8cf_3WYGZ5XF3ZUQCDRI6PMQSFD40YRSKA_129_2,direct,True,supports_acceptable,Respectful questioning of authority is acceptable.
SAC088,context-dependent,context-dependent,3,acting up in class may lead to reprimand,SC101_rot_rocstories_217aa847_d16b_4ced_8849_f9c552b77cfc_sentence3_3OVR4I9USSYTLVN2TTA5QY97N26Q4D_84_2,indirect,True,supports_context_dependent,"If the argument was disrespectful, it may lead to reprimand."
SAC089,not acceptable,not acceptable,1,public disagreement with authority figures is often seen as disrespectful,SC101_rot_reddit_amitheasshole_b28uss_3N2BF7Y2VT9WCSD5G7N73EY6AGEMH3_94_1,direct,True,supports_not_acceptable,"The norm suggests that engaging in actions considered disrespectful is not acceptable, aligning with the cultural context."
SAC089,not acceptable,not acceptable,2,acting up in class may lead to reprimand,SC101_rot_rocstories_217aa847_d16b_4ced_8849_f9c552b77cfc_sentence3_3OVR4I9USSYTLVN2TTA5QY97N26Q4D_84_2,indirect,True,background_only,"This norm indicates that acting up can lead to consequences, but does not directly address the acceptability of arguing."
SAC090,context-dependent,not acceptable,1,explaining grading rubric is good,SC101_rot_rocstories_d17380a9_3f70_48bb_8f61_895bb2f96b5e_sentence4_3T3IWE1XG92D2G2S8UBDY6LZ5ISQTE_129_3,indirect,True,background_only,"This norm is about professors explaining grading, not students questioning it."
SAC090,context-dependent,not acceptable,2,public confrontation may be discouraged,SC101_rot_reddit_amitheasshole_9vcdjk_3X1FV8S5J0612JC3AT6G5A5INE2VGU_42_2,indirect,True,supports_not_acceptable,Publicly questioning grading can be seen as inappropriate.
SAC091,not acceptable,not acceptable,1,challenging authority publicly is discouraged,SC101_rot_reddit_amitheasshole_b9103s_3IKZ72A5B7VIGE7ZXIE7D8BT3MGNF5_70_2,direct,True,supports_not_acceptable,"The norm discourages sharing private matters publicly, which aligns with challenging authority publicly."
SAC091,not acceptable,not acceptable,2,talking directly with someone before going public is expected,SC101_rot_reddit_amitheasshole_avnk5q_30IQTZXKANLWV46DW6IV83FNWA0X0F_16_1,direct,True,supports_not_acceptable,"The norm suggests resolving issues privately first, which applies to questioning a professor's grading."
SAC092,not acceptable,not acceptable,1,intentionally upsetting a friend is bad,SC101_rot_reddit_amitheasshole_ardtr8_39GHHAVOMI6CZ8JPY3QWTXXL7VGJ4R_40_1,direct,True,supports_not_acceptable,"The scenario involves making a joke that embarrassed a friend, which aligns with intentionally upsetting a friend."
SAC092,not acceptable,not acceptable,2,intentionally causing a friend pain is rude,SC101_rot_reddit_confessions_60exag_3GA6AFUKOR3VQ65VAPIS7FP0Q2R3H4_7_1,direct,True,supports_not_acceptable,"Embarrassing a friend can be seen as causing emotional pain, which is considered rude."
SAC092,not acceptable,not acceptable,3,intentionally causing harm to others is bad,SC101_rot_reddit_confessions_do935y_3EJPLAJKEPVGEAS7ZDMXEP5PUQAZ68_40_1,indirect,True,supports_not_acceptable,"Embarrassment can be a form of harm, thus this norm indirectly applies."
SAC093,context-dependent,context-dependent,1,joking at someone's expense is insensitive,SC101_rot_reddit_amitheasshole_9uw48m_35H6S234SDFI7W8ISPFHPLYUKFD65M_41_1,direct,True,supports_not_acceptable,"The joke embarrassed the friend, indicating it was at their expense."
SAC093,context-dependent,context-dependent,2,humor can be insulting to others,SC101_rot_reddit_amitheasshole_a4y8pi_3BWI6RSP7JO17FFGM0DCZT43TN3E7A_43_1,direct,True,supports_context_dependent,The joke was funny to the person making it but insulting to the friend.
SAC093,context-dependent,context-dependent,3,teasing requires closeness and consent,SC101_rot_reddit_amitheasshole_9v3xqf_3DL65MZB8GU7JWACDHLNFFWHP9SCEG_48_2,indirect,True,supports_context_dependent,The acceptability of the joke depends on the relationship and consent.
SAC094,context-dependent,context-dependent,1,expecting someone to be upset when told they are annoying,SC101_rot_reddit_amitheasshole_b53v2r_3GDTJDAPVXQ3JHCCD3T1Q157792M8Q_16_3,direct,True,supports_context_dependent,"The norm suggests that telling someone they are annoying can lead to them being upset, indicating potential context-dependence."
SAC094,context-dependent,context-dependent,2,being hurt by critical feedback is common,SC101_rot_reddit_confessions_dzxryy_3NPFYT4IZFJT68HYA87YTV23HY4GX8_31_1,indirect,True,supports_context_dependent,"This norm indicates that critical feedback can be hurtful, suggesting the need for context consideration."
SAC094,context-dependent,context-dependent,3,directness can be wrong if it expresses dislike,SC101_rot_reddit_amitheasshole_b13eeq_3IGI0VL64AZCMRKSWLXX02K7RSGNO6_42_3,indirect,True,supports_not_acceptable,"Directness is not acceptable if it conveys dislike, which may apply if the tone was harsh."
SAC095,not acceptable,not acceptable,1,telling someone they are annoying can upset them,SC101_rot_reddit_amitheasshole_b53v2r_3GDTJDAPVXQ3JHCCD3T1Q157792M8Q_16_3,direct,True,supports_not_acceptable,"This norm suggests that telling someone they are annoying can lead to negative reactions, which aligns with the face-saving norm in Thailand."
SAC095,not acceptable,not acceptable,2,avoiding someone negative is acceptable,SC101_rot_reddit_amitheasshole_axm7to_3XC1O3LBOV12BJMFGP3HHKM5ORALTC_42_2,indirect,False,background_only,"This norm is about avoiding rather than confronting, which is not directly applicable to the scenario."
SAC095,not acceptable,not acceptable,3,it's wrong to be annoying regardless of circumstances,SC101_rot_reddit_amitheasshole_b0h5cp_30BXRYBRP7CSH47JK9TUCC0X9O1HWB_105_2,indirect,False,background_only,"This norm focuses on the behavior of being annoying, not on the response to it."
SAC096,not acceptable,not acceptable,1,teamwork is important,SC101_rot_rocstories_6fe662f3_9a0c_4275_973b_c8764871fa35_sentence3_3KYQYYSHYYM30FTF7RJU4X8DK58DOD_111_1,indirect,True,background_only,"The norm highlights the importance of teamwork, which indirectly relates to the need for communication in a team setting."
SAC096,not acceptable,not acceptable,2,you're expected to make sure you have someone to replace you before you leave work,SC101_rot_reddit_amitheasshole_b356hn_32Z9ZLUT1OZKCVYHTN2KVINB9GXHOL_120_1,direct,True,supports_not_acceptable,This norm directly relates to the expectation of informing the team and ensuring coverage before taking leave.
SAC096,not acceptable,not acceptable,3,keeping an open line of communication even when you leave a job,SC101_rot_reddit_amitheasshole_b32ib6_34T446B1C3T8S6VI5AM8UQUDV8J0CJ_83_2,indirect,True,supports_not_acceptable,"This norm emphasizes the importance of communication, which is relevant to informing the team before taking leave."
SAC098,context-dependent,context-dependent,1,working independently is good,SC101_rot_rocstories_25ed8456_5016_44f4_8087_ae1a67ead710_sentence3_3NJM2BJS4ZLBGNZ2MV1Y9RVLBKJPCJ_120_2,direct,True,supports_acceptable,The norm directly supports the idea that working independently is valued.
SAC098,context-dependent,context-dependent,2,coordination is important,SC101_rot_rocstories_25ed8456_5016_44f4_8087_ae1a67ead710_sentence3_3NJM2BJS4ZLBGNZ2MV1Y9RVLBKJPCJ_120_1,indirect,True,supports_context_dependent,"While independence is valued, the need for coordination is implied but not directly addressed."
SAC099,not acceptable,not acceptable,1,working independently is acceptable but discretionary,SC101_rot_rocstories_25ed8456_5016_44f4_8087_ae1a67ead710_sentence3_3NJM2BJS4ZLBGNZ2MV1Y9RVLBKJPCJ_120_2,direct,True,supports_acceptable,"The norm suggests that working independently is generally acceptable, but it may depend on the context."
SAC099,not acceptable,not acceptable,2,clear communication and structure are expected,SC101_rot_reddit_amitheasshole_b9750t_30X31N5D665K00IWUY91Y1A8QQOAS7_42_1,irrelevant,False,background_only,The norm about raising a child with structure does not directly apply to workplace communication.
SAC100,not acceptable,not acceptable,1,returning extra change is good,SC101_rot_rocstories_91cd7134_7f93_4710_b937_a10f97e85fe9_sentence5_3NGI5ARFTWKRTKP46YCESVCU7MWP1V_38_1,direct,True,supports_not_acceptable,The norm directly addresses the scenario of returning extra change.
SAC100,not acceptable,not acceptable,2,keeping extra change is dishonest,SC101_rot_rocstories_d5c5a1ee_eb6d_4a43_a19c_ad2feb4a732f_sentence3_3G5F9DBFOSCF2F7EUZOYQAHJB3UVHV_61_2,direct,True,supports_not_acceptable,The norm directly states that keeping extra change is dishonest.
SAC100,not acceptable,not acceptable,3,returning things given by mistake is good,SC101_rot_rocstories_ee198179_986b_4678_b8ab_9599d175edb5_sentence2_3EKVH9QME1JPT84AKTLXXK5ALSG2DM_89_4,direct,True,supports_not_acceptable,"The norm supports returning items given by mistake, applicable to extra change."
SAC101,not acceptable,not acceptable,1,returning things that aren't yours when they're given to you by mistake is good,SC101_rot_rocstories_ee198179_986b_4678_b8ab_9599d175edb5_sentence2_3EKVH9QME1JPT84AKTLXXK5ALSG2DM_89_4,direct,True,supports_not_acceptable,The norm directly addresses the scenario of keeping extra change.
SAC101,not acceptable,not acceptable,2,it is dishonest to keep extra change,SC101_rot_rocstories_d5c5a1ee_eb6d_4a43_a19c_ad2feb4a732f_sentence3_3G5F9DBFOSCF2F7EUZOYQAHJB3UVHV_61_2,direct,True,supports_not_acceptable,This norm directly applies to the act of keeping extra change.
SAC101,not acceptable,not acceptable,3,it is good to act with honesty and integrity,SC101_rot_rocstories_91cd7134_7f93_4710_b937_a10f97e85fe9_sentence5_3NGI5ARFTWKRTKP46YCESVCU7MWP1V_38_2,direct,True,supports_not_acceptable,Honesty and integrity are relevant to the scenario of returning extra change.
SAC101,not acceptable,not acceptable,4,it is good to return the money when you are given too much change,SC101_rot_rocstories_91cd7134_7f93_4710_b937_a10f97e85fe9_sentence5_3NGI5ARFTWKRTKP46YCESVCU7MWP1V_38_1,direct,True,supports_not_acceptable,This norm directly supports returning extra change.
SAC102,not acceptable,not acceptable,1,returning borrowed items is expected,SC101_rot_reddit_amitheasshole_ammxtf_3X3OR7WPZ2FJDZURDRSMQOQIAB28LH_87_3,direct,True,supports_not_acceptable,"The norm directly states that returning borrowed items is expected, aligning with the scenario."
SAC102,not acceptable,not acceptable,2,you should return borrowed items,SC101_rot_reddit_amitheasshole_b3p3sx_37UQDCYH60AI9Q12HQ2MZXSPQPXV7Z_111_2,direct,True,supports_not_acceptable,"This norm reinforces the expectation to return borrowed items, relevant to the scenario."
SAC102,not acceptable,not acceptable,3,it's good to return something you've borrowed as soon as possible,SC101_rot_rocstories_ad4746d9_4b00_43d4_9287_0a8ed2e8485a_sentence5_3S4AW7T80EXIUY7P1O299CADDJE4L7_121_2,direct,True,supports_not_acceptable,"The norm suggests prompt return is good, implying delay or failure is not acceptable."
SAC103,not acceptable,not acceptable,1,It's good to return something you've borrowed.,SC101_rot_reddit_amitheasshole_ammxtf_3X3OR7WPZ2FJDZURDRSMQOQIAB28LH_87_3,direct,True,supports_not_acceptable,"The norm directly states that returning borrowed items is good, implying not returning them is bad."
SAC103,not acceptable,not acceptable,2,It's rude to not return something you have borrowed from someone.,SC101_rot_rocstories_a878ba04_0625_4b1f_bbf6_f7439472fc6b_sentence5_3QILPRALQ8A91ZXCP4813GU7MFN8NT_50_2,direct,True,supports_not_acceptable,The norm explicitly states that not returning borrowed items is rude.
SAC103,not acceptable,not acceptable,3,It's rude to take a long time to return borrowed property.,SC101_rot_dearabby_title_dearabby_2015_6_13_2_borrower_wears_down_neighbors_lawn_mower_374TNBHA8EA9J21MI0YC6NDEM9LQYU_127_2,direct,True,supports_not_acceptable,The norm indicates that delaying the return of borrowed items is considered rude.
SAC104,not acceptable,not acceptable,1,saying thank you to people who help you is good,SC101_rot_reddit_confessions_32zh7w_3SBEHTYCWQIW24D35ST3XLMSZEWIY9_42_2,direct,True,supports_not_acceptable,The norm directly supports the idea that expressing gratitude is expected when receiving help.
SAC104,not acceptable,not acceptable,2,it's considerate to show gratitude when others help you,SC101_rot_reddit_confessions_3j1ypn_324G5B4FB6N2GP0METEXE42Z7MB070_17_2,direct,True,supports_not_acceptable,"This norm reinforces the expectation of showing gratitude, aligning with the cultural context."
SAC104,not acceptable,not acceptable,3,it's good to say thank you when someone is polite to you,SC101_rot_reddit_confessions_9aojti_3K772S5NPBQY04LSZ9ZOQ6TXFYKEHL_42_2,direct,True,supports_not_acceptable,This norm supports the expectation of saying thank you in polite interactions.
SAC105,not acceptable,not acceptable,1,saying thank you to people who help you is good,SC101_rot_reddit_confessions_32zh7w_3SBEHTYCWQIW24D35ST3XLMSZEWIY9_42_2,direct,True,supports_not_acceptable,The norm directly supports the idea that expressing gratitude is expected when receiving help.
SAC105,not acceptable,not acceptable,2,it's considerate to show gratitude when others help you,SC101_rot_reddit_confessions_3j1ypn_324G5B4FB6N2GP0METEXE42Z7MB070_17_2,direct,True,supports_not_acceptable,"This norm reinforces the expectation of showing gratitude, aligning with the scenario."
SAC105,not acceptable,not acceptable,3,you can't expect people to always say thank you,SC101_rot_rocstories_0b6322af_33d6_4d56_920e_8c6510f213e1_sentence2_39O5D9O87W749YUFOX4RWOSK7RN3CO_42_3,indirect,True,supports_context_dependent,"This norm suggests that while gratitude is good, it may not always be expected, introducing some context dependency."
SAC106,context-dependent,acceptable,1,declining a gift politely is acceptable,SC101_rot_dearabby_title_dearabby_2015_12_8_2_hostess_with_mostess_doesnt_want_any_3C6FJU71TT81BV83Z9IHGOA3OYKYU7_16_2,direct,True,supports_acceptable,The norm directly states that being polite when declining a gift is acceptable.
SAC107,not acceptable,not acceptable,1,you are expected to accept gifts,SC101_rot_rocstories_dfd0a67b_25d4_43ff_8db0_fd679f4735b1_sentence3_3BV8HQ2ZZZGFD2KZNL6YXWEGEQA6AK_128_3,direct,True,supports_not_acceptable,"This norm directly states that accepting gifts is expected, which aligns with the cultural context."
SAC107,not acceptable,not acceptable,2,it's wrong to not be accepting of peoples gifts,SC101_rot_dearabby_title_dearabby_1998_5_13_0_wedding_gifts_left_stranded_after_couple_3JPSL1DZ5VENKNQRM2SFZ702EJHANR_105_2,direct,True,supports_not_acceptable,This norm suggests that not accepting gifts is generally viewed negatively.
SAC107,not acceptable,not acceptable,3,"when you receive gifts that you do not want, it is okay to return them",SC101_rot_reddit_amitheasshole_a7unln_3KOPY89HMBHRHC0LYPLDJS5FMWRJ38_129_3,indirect,True,supports_context_dependent,"This norm implies that there might be acceptable reasons for not accepting a gift, but it is not specific to the cultural context."
SAC108,context-dependent,acceptable,1,bringing something to a dinner is appreciated,SC101_rot_reddit_amitheasshole_autora_3QBD8R3Z24YQ0JAMEGI11TE75K6O4K_42_2,indirect,True,supports_acceptable,"The norm suggests being prepared and bringing things is appreciated, aligning with the cultural context."
SAC110,not acceptable,not acceptable,1,sharing private information without explicit permission is discouraged,SC101_rot_reddit_amitheasshole_atcs4q_3VHHR074H6WFDLP83M0GCOUN2KH7L3_129_3,direct,True,supports_not_acceptable,"The norm directly addresses sharing private information without permission, which is the scenario's action."
SAC110,not acceptable,not acceptable,2,giving out personal information without consent is not acceptable,SC101_rot_reddit_amitheasshole_au3sov_3PB5A5BD0YLZRTB7SV30ZWPF1ZTG7R_16_1,direct,True,supports_not_acceptable,This norm directly applies to the scenario of sharing personal stories without consent.
SAC110,not acceptable,not acceptable,3,doing something without getting the consent of the other party first is not acceptable,SC101_rot_rocstories_ece69f64_507b_4091_a1af_7b03805d9df7_sentence5_3570Y55XZSYI6D78F4T0C99CCBLYGQ_42_3,direct,True,supports_not_acceptable,"The norm emphasizes the importance of obtaining consent, relevant to the scenario."
SAC110,not acceptable,not acceptable,4,sharing information about someone without their consent is not acceptable,SC101_rot_reddit_amitheasshole_au25et_3PQ8K71NH0ZG04W2DYNAD1G29GBAA2_131_3,direct,True,supports_not_acceptable,This norm directly applies to the scenario of sharing a friend's personal story without consent.
SAC110,not acceptable,not acceptable,5,speculating about or divulging information from friends without their consent is not acceptable,SC101_rot_reddit_confessions_ed6yx2_3TAYZSBPLONVVXNSHJGMSJRATSG2S7_17_2,direct,True,supports_not_acceptable,The norm is directly relevant to the scenario of sharing a friend's personal story.
SAC111,not acceptable,not acceptable,1,violating someone's personal privacy is not acceptable,SC101_rot_dearabby_title_dearabby_1999_8_5_0_mom_who_violates_teen_agers_privacy_3EKVH9QME1JPT84AKTLXXK5ANNU2DS_31_2,direct,True,supports_not_acceptable,Sharing a friend's personal story without consent is a violation of privacy.
SAC111,not acceptable,not acceptable,2,maintaining privacy about your personal life is acceptable,SC101_rot_reddit_amitheasshole_albgae_33PPUNGG3BK90TQRR1PVPKWLGOVZRP_4_1,indirect,True,background_only,This norm supports the idea that privacy should be respected.
SAC111,not acceptable,not acceptable,3,it's okay to be upset when someone invades your privacy,SC101_rot_reddit_amitheasshole_b0iqym_3S96KQ6I9PJJD7YN385TY7E0I76TDJ_93_2,indirect,True,supports_not_acceptable,The friend might be upset due to the invasion of privacy.
SAC112,context-dependent,context-dependent,1,posting photos without consent is generally impolite,SC101_rot_reddit_amitheasshole_anieof_3YDGXNSEO29NFRN67ZT547O7L5M84W_100_4,direct,True,supports_not_acceptable,"The norm directly addresses posting photos without consent, which is the scenario's action."
SAC112,context-dependent,context-dependent,2,posting others' content without consent is discouraged,SC101_rot_reddit_amitheasshole_b16hny_3HYA4D452UYMRSI6BZGNLK8VU4I2FE_42_1,direct,True,supports_not_acceptable,The norm is directly relevant as it discusses posting without consent.
SAC112,context-dependent,context-dependent,3,actions without consent are generally discouraged,SC101_rot_rocstories_ece69f64_507b_4091_a1af_7b03805d9df7_sentence5_3570Y55XZSYI6D78F4T0C99CCBLYGQ_42_3,indirect,True,supports_not_acceptable,"The norm broadly applies to actions without consent, including posting photos."
SAC113,not acceptable,not acceptable,1,photoshopping someone's image without consent is bad,SC101_rot_reddit_amitheasshole_awzuvd_3GFK2QRXXCWG1BNOJ7SLNFX73L15WK_30_2,indirect,True,supports_not_acceptable,The norm about altering images without consent indirectly supports the idea that posting images without consent is also not acceptable.
SAC113,not acceptable,not acceptable,2,respecting wishes about personal image is expected,SC101_rot_reddit_amitheasshole_b64a57_3QRYMNZ7F1WSZJP0S2JWUCQUQBDNTU_132_1,direct,True,supports_not_acceptable,This norm directly applies as it emphasizes respecting others' wishes regarding their personal image.
SAC113,not acceptable,not acceptable,3,posting photos without consent is impolite,SC101_rot_reddit_amitheasshole_anieof_3YDGXNSEO29NFRN67ZT547O7L5M84W_100_4,direct,True,supports_not_acceptable,This norm directly applies to the scenario of posting a group photo without consent.
SAC114,not acceptable,not acceptable,1,keeping promises is expected,SC101_rot_reddit_amitheasshole_aljpna_3TPWUS5F8CG10WW3YHFT1L3HYCMCWL_94_1,direct,True,supports_not_acceptable,The norm directly states that following through on promises is expected.
SAC114,not acceptable,not acceptable,2,it's okay to feel angry when promises are broken,SC101_rot_reddit_amitheasshole_aq6t6s_3MMN5BL1W2JHIK661MY5ZKXWV6SM3M_129_5,indirect,True,background_only,This norm supports the emotional response to broken promises but does not directly address the acceptability of breaking promises.
SAC114,not acceptable,not acceptable,3,following through on promises is important,SC101_rot_reddit_amitheasshole_aq6t6s_3MMN5BL1W2JHIK661MY5ZKXWV6SM3M_129_2,direct,True,supports_not_acceptable,The norm emphasizes the importance of keeping promises.
SAC114,not acceptable,not acceptable,4,it's good to follow through on promises,SC101_rot_rocstories_5bb64455_ec8f_4e05_b435_36cfcf94c3ec_sentence5_308Q0PEVBBSH135VXG1NY4T1HZS9I7_105_1,direct,True,supports_not_acceptable,The norm suggests that following through on promises is a positive action.
SAC114,not acceptable,not acceptable,5,not keeping a promise to family is context-dependent,SC101_rot_reddit_amitheasshole_alfbgr_32RIADZISVJ5YB2FLXZALYO83MYS41_129_2,indirect,False,supports_context_dependent,This norm is specific to family promises and does not directly apply to the scenario.
SAC115,not acceptable,not acceptable,1,following through on a promise is expected,SC101_rot_reddit_amitheasshole_aq6t6s_3MMN5BL1W2JHIK661MY5ZKXWV6SM3M_129_2,direct,True,supports_not_acceptable,"The norm emphasizes the importance of keeping promises, which aligns with the scenario of not following through on a promise."
SAC115,not acceptable,not acceptable,2,not following through on obligations is bad,SC101_rot_reddit_amitheasshole_a5zml2_3IO1LGZLKCC1UERKQNMK158LKHD689_87_1,direct,True,supports_not_acceptable,"This norm directly states that not fulfilling obligations is bad, which applies to the scenario."
SAC115,not acceptable,not acceptable,3,you should always follow through with your promises,SC101_rot_reddit_amitheasshole_aljpna_3TPWUS5F8CG10WW3YHFT1L3HYCMCWL_94_1,direct,True,supports_not_acceptable,"This norm supports the idea that promises should be kept, relevant to the scenario."
SAC116,context-dependent,acceptable,1,having some flexibility in your plans is good,SC101_rot_reddit_amitheasshole_acwfxw_3Y54SXRO1O05U999P3VI87IO47WUTP_93_2,direct,True,supports_acceptable,"Flexibility is generally seen as positive, aligning with the scenario of changing a commitment."
SAC116,context-dependent,acceptable,2,informing others when changing plans is expected,SC101_rot_reddit_amitheasshole_ar35dc_3M0NZ3JDP4DKV6STUUCSMJRPLROZ5W_121_2,direct,True,supports_acceptable,"Communication is key when changing plans, which aligns with the cultural context."
SAC116,context-dependent,acceptable,3,not telling someone that you changed plans is wrong,SC101_rot_reddit_amitheasshole_adsd4x_369J354OFGPGNTX29LY8TIPJ6LBG6O_42_1,direct,True,supports_not_acceptable,"Failing to communicate changes is viewed negatively, which could make the action unacceptable."
SAC116,context-dependent,acceptable,4,it's okay to change your mind after making plans,SC101_rot_reddit_amitheasshole_ba1xm0_3VW04L3ZLWL4SUCOZI72HH2YC2OXXP_83_1,direct,True,supports_acceptable,"Changing one's mind is generally acceptable, supporting the scenario."
SAC117,not acceptable,not acceptable,1,honoring agreements is expected,SC101_rot_reddit_amitheasshole_b2ij1o_3TXD01ZLD7WLDOUJA2UA0Z6WPROU45_121_1,direct,True,supports_not_acceptable,"The norm directly states that honoring agreements is expected, which applies to the scenario of changing one's mind after agreeing."
SAC117,not acceptable,not acceptable,2,honoring a commitment you made to others is expected,SC101_rot_reddit_amitheasshole_arbky4_323Q6SJS8LVQ6ILOUKJU8OEXHAGHFZ_4_3,direct,True,supports_not_acceptable,"This norm reinforces the expectation to honor commitments, relevant to the scenario."
SAC117,not acceptable,not acceptable,3,people are expected to honor their agreements,SC101_rot_reddit_amitheasshole_a5ng3n_3W92K5RLWXW3MMNJTXNP1DETWDG5VT_89_1,direct,True,supports_not_acceptable,This norm aligns with the cultural expectation in Germany to honor agreements.
SAC118,context-dependent,context-dependent,1,helping is encouraged but discretionary,SC101_rot_reddit_amitheasshole_b5vsf4_33IZTU6J84GWWDQP581FI9L6TE4XSD_72_1,indirect,True,supports_context_dependent,"The norm suggests helping is encouraged but not mandatory, aligning with the scenario's context."
SAC118,context-dependent,context-dependent,2,ignoring requests for help when able is rude,SC101_rot_rocstories_d995bb60_e6dc_49f2_965e_66f80ab2b94e_sentence2_32SVAV9L3IOGGJXH4J80QT2W73I3AW_15_3,direct,True,supports_not_acceptable,Directly applies as it addresses ignoring help requests when capable.
SAC119,not acceptable,not acceptable,1,helping others is socially expected,SC101_rot_rocstories_8a680bdf_81f1_46e6_9981_faa7365198ba_sentence3_3LOTDFNYAAE838GDPJ5U9ROK0SIFWE_127_1,indirect,True,supports_not_acceptable,"Volunteering to help the community is seen as honorable, implying that ignoring help requests is not acceptable."
SAC119,not acceptable,not acceptable,2,community support is positive,SC101_rot_rocstories_689574ec_b9c2_404b_95d9_a4e107253bd5_sentence4_3C6FJU71TT81BV83Z9IHGOA3NRPUYT_19_1,indirect,True,supports_not_acceptable,"Community pulling together to help is positive, suggesting ignoring help requests is negative."
SAC119,not acceptable,not acceptable,3,caring about community well-being is good,SC101_rot_rocstories_e46c31a6_3895_4684_8532_3ccad7595f6f_sentence1_3B837J3LDRBCZH4DW9VNTRZIYYWRSW_31_1,indirect,True,supports_not_acceptable,"Caring about community well-being is good, implying ignoring help requests is not."
SAC120,not acceptable,not acceptable,1,treating friends with respect in public is expected,SC101_rot_reddit_amitheasshole_axtsqk_3V26SBZTBGTI2KCI1IJ8BNYKRR1ZZF_84_1,indirect,True,supports_not_acceptable,Making fun of someone in public is contrary to treating them with respect.
SAC120,not acceptable,not acceptable,2,being made fun of in public is embarrassing,SC101_rot_reddit_confessions_bkvlev_30ZX6P7VFBA2WU42UP780I0NWWLJ2Z_31_1,direct,True,supports_not_acceptable,"Public ridicule can cause embarrassment, which is generally discouraged."
SAC120,not acceptable,not acceptable,3,calling someone names in public is strongly not acceptable,SC101_rot_reddit_amitheasshole_b3qxe2_3QAPZX2QN7SVUO3G8HX2IDLRIT102S_94_2,direct,True,supports_not_acceptable,"Making fun of someone often involves calling names, which is not acceptable."
SAC120,not acceptable,not acceptable,4,shaming someone in public is not acceptable,SC101_rot_reddit_amitheasshole_a14jvd_3U8YCDAGXSVCM751ASN3EVJU2HEQ0Z_87_3,direct,True,supports_not_acceptable,Public shaming is discouraged and aligns with making fun of someone.
