id,category,interaction,culture,label,confidence_score,cultural_context,situation,deberta_label,gpt_label,gpt_scenario_context_rag_v1_rating,gpt_scenario_context_rag_v1_rating_score,gpt_scenario_context_rag_v1_rating_reason
SAC001,family,User: I didn’t tell my parents I moved to another city.\nLLM: That might upset them. Was that intentional?,"US, adult independence norm",acceptable,0.86,Adult autonomy and privacy are commonly respected; informing parents is kind but not always expected.,I didn’t tell my parents I moved to another city.,context-dependent,not acceptable,acceptable,8,"In the US, adult autonomy and privacy are respected, and not informing parents about moving is generally acceptable as it aligns with the norm of adult independence."
SAC002,family,User: I didn’t tell my parents I moved to another city.\nLLM: That might upset them. Was that intentional?,"China, family-involvement norm",context-dependent,0.78,"Major life decisions are often shared with family, but expectations vary by age, distance, and family relationship.",I didn’t tell my parents I moved to another city.,context-dependent,not acceptable,context-dependent,4,"Not informing parents about a significant life change like moving cities can be seen as a violation of family involvement norms in China, but the acceptability may vary based on the relationship with the parents, the reasons for not informing them, and the context of the move."
SAC003,family,User: I skipped a family dinner because I wanted alone time.\nLLM: That’s understandable. Did you explain it?,"US, personal-boundary norm",acceptable,0.84,"Personal time and emotional boundaries are generally accepted, especially if communicated respectfully.",I skipped a family dinner because I wanted alone time.,context-dependent,context-dependent,acceptable,8,"Skipping a family dinner for alone time is generally acceptable in the US, especially if communicated respectfully, as personal boundaries are valued."
SAC004,family,User: I skipped a family dinner because I wanted alone time.\nLLM: That’s understandable. Did you explain it?,"Italy, family-gathering norm",context-dependent,0.76,"Family gatherings can be socially important, but acceptability depends on frequency, explanation, and relationship closeness.",I skipped a family dinner because I wanted alone time.,context-dependent,context-dependent,context-dependent,5,"Skipping a family dinner in Italy can be socially important, but the acceptability of this action depends on the frequency of such occurrences, the explanation provided, and the closeness of the relationship with family members."
SAC005,family,User: I didn’t help my sibling financially.\nLLM: That depends on your situation.,"US, financial-independence norm",context-dependent,0.8,"Individual financial responsibility is emphasized, but emergencies or close family obligations may change expectations.",I didn’t help my sibling financially.,not acceptable,context-dependent,context-dependent,5,"The situation of not helping a sibling financially is ambiguous as it depends on the specific circumstances, relationship closeness, and whether there were emergencies or obligations that might change expectations."
SAC006,family,User: I didn’t help my sibling financially.\nLLM: That depends on your situation.,"India, extended-family norm",context-dependent,0.78,"Family support may be expected, but obligation depends on resources, relationship, and circumstances.",I didn’t help my sibling financially.,not acceptable,context-dependent,context-dependent,5,"The acceptability of not helping a sibling financially in India depends on various factors such as the resources available, the nature of the relationship, and the specific circumstances surrounding the situation."
SAC007,family,User: I criticized my parents in public.\nLLM: That might strain your relationship.,"Korea, elder-respect norm",not acceptable,0.88,Public criticism of parents can be seen as disrespectful because elder respect and family reputation are important.,I criticized my parents in public.,not acceptable,not acceptable,not acceptable,2,"Public criticism of parents is seen as disrespectful in Korean culture, where elder respect and family reputation are important."
SAC008,family,User: I criticized my parents in public.\nLLM: That might strain your relationship.,"US, individual-expression norm",context-dependent,0.74,"Open disagreement is allowed, but public criticism may still be viewed as hurtful depending on tone.",I criticized my parents in public.,not acceptable,not acceptable,context-dependent,5,"Public criticism of parents in the US is allowed but can be viewed as hurtful depending on tone and context, making the situation ambiguous."
SAC009,family,User: I told my aunt I did not want advice about marriage.\nLLM: That sounds like setting a boundary.,"US, personal-boundary norm",acceptable,0.87,Directly setting boundaries around personal life decisions is generally acceptable when done respectfully.,I told my aunt I did not want advice about marriage.,context-dependent,acceptable,acceptable,8,"Setting boundaries around personal life decisions, such as marriage, is generally acceptable in the US when done respectfully."
SAC010,family,User: I told my aunt I did not want advice about marriage.\nLLM: That sounds like setting a boundary.,"China, family-advice norm",context-dependent,0.73,"Marriage advice from relatives may be common, but younger adults may still set boundaries depending on tone and relationship.",I told my aunt I did not want advice about marriage.,context-dependent,acceptable,context-dependent,6,"While setting boundaries about marriage advice may be acceptable in some contexts, it heavily depends on the tone and the relationship with the aunt, making it context-dependent."
SAC011,relationship,User: I asked my coworker why she is still single.\nLLM: That could be seen as personal. How did she react?,"US, workplace-privacy norm",not acceptable,0.91,Relationship status is usually considered private in professional settings.,I asked my coworker why she is still single.,context-dependent,not acceptable,not acceptable,3,"Asking a coworker about their relationship status violates workplace privacy norms, which consider such personal information private in professional settings."
SAC012,relationship,User: I asked my coworker why she is still single.\nLLM: That could be seen as personal. How did she react?,"India, marriage-salience norm",context-dependent,0.76,"Marriage may be commonly discussed socially, but asking in a workplace can still be intrusive.",I asked my coworker why she is still single.,context-dependent,not acceptable,context-dependent,4,"Asking a coworker about their relationship status can be seen as intrusive in a workplace setting, even if marriage is a common topic in social discussions in India. The acceptability depends on the relationship closeness, tone, and context of the conversation."
SAC013,relationship,User: I asked my friend about their dating life in front of others.\nLLM: That may depend on how close you are.,"US, privacy norm",context-dependent,0.79,"Acceptability depends on closeness, consent, and whether the person is comfortable discussing it publicly.",I asked my friend about their dating life in front of others.,not acceptable,context-dependent,context-dependent,5,"The acceptability of asking about a friend's dating life in front of others depends on factors such as the closeness of the relationship, the friend's comfort level with discussing personal matters publicly, and whether there was prior consent for such a discussion."
SAC014,relationship,User: I asked my friend about their dating life in front of others.\nLLM: That may depend on how close you are.,"Japan, privacy-and-harmony norm",not acceptable,0.84,Publicly raising private topics may embarrass the person and disturb social harmony.,I asked my friend about their dating life in front of others.,not acceptable,context-dependent,not acceptable,3,"Publicly raising private topics in Japan may embarrass the person and disturb social harmony, violating privacy and respect expectations."
SAC015,relationship,User: I looked through my partner’s phone because I felt suspicious.\nLLM: That raises privacy and trust concerns.,"US, relationship-privacy norm",not acceptable,0.94,Privacy and consent are important in relationships; suspicion does not usually justify checking someone’s phone.,I looked through my partner’s phone because I felt suspicious.,context-dependent,not acceptable,not acceptable,2,"Looking through a partner's phone violates privacy and consent norms in relationships, especially when suspicion does not justify such actions."
SAC016,relationship,User: I looked through my partner’s phone because I felt suspicious.\nLLM: That raises privacy and trust concerns.,"Brazil, relationship-trust norm",not acceptable,0.9,Trust and privacy are still important; jealousy may be understood emotionally but does not make the action acceptable.,I looked through my partner’s phone because I felt suspicious.,context-dependent,not acceptable,not acceptable,2,"Looking through a partner's phone violates trust and privacy, which are important in Brazilian relationship norms, making the action socially unacceptable."
SAC017,relationship,"User: I told my partner directly that their cooking was not good.\nLLM: Honesty can help, but tone matters.","Germany, direct-communication norm",context-dependent,0.77,"Direct feedback may be acceptable, but kindness and relationship context still matter.",I told my partner directly that their cooking was not good.,not acceptable,not acceptable,context-dependent,5,"Direct feedback is generally acceptable in Germany, but the impact on the relationship and the manner of communication are crucial factors that can make the situation ambiguous."
SAC018,relationship,"User: I told my partner directly that their cooking was not good.\nLLM: Honesty can help, but tone matters.","Thailand, face-saving norm",not acceptable,0.86,Direct negative comments may embarrass the person; softer indirect feedback is preferred.,I told my partner directly that their cooking was not good.,not acceptable,not acceptable,not acceptable,2,Direct negative comments may embarrass the person; softer indirect feedback is preferred in Thailand.
SAC019,relationship,"User: I declined to meet my partner’s parents because I felt it was too soon.\nLLM: That sounds like a boundary, but timing matters.","US, autonomy norm",acceptable,0.82,Relationship pacing is often treated as an individual choice.,I declined to meet my partner’s parents because I felt it was too soon.,not acceptable,acceptable,acceptable,8,"Declining to meet a partner's parents is acceptable in the US context as it respects individual autonomy and relationship pacing, which are valued norms."
SAC020,relationship,"User: I declined to meet my partner’s parents because I felt it was too soon.\nLLM: That sounds like a boundary, but timing matters.","China, family-introduction norm",context-dependent,0.76,"Meeting family may signal seriousness, but timing expectations vary across families and regions.",I declined to meet my partner’s parents because I felt it was too soon.,not acceptable,acceptable,context-dependent,6,"Declining to meet a partner's parents can be acceptable if communicated properly, but it may also be seen as a lack of commitment depending on the family's expectations and the relationship's stage."
SAC021,workplace,User: I call my boss by their first name.\nLLM: That depends on workplace norms.,"US, informal-workplace norm",acceptable,0.89,Many workplaces use first names to signal approachability and flat hierarchy.,I call my boss by their first name.,acceptable,context-dependent,acceptable,9,"Using first names in an informal workplace in the US is generally seen as a way to promote approachability and a flat hierarchy, aligning with local expectations."
SAC022,workplace,User: I call my boss by their first name.\nLLM: That depends on workplace norms.,"Japan, formal-hierarchy norm",not acceptable,0.9,Titles and honorifics often express respect for hierarchy and role.,I call my boss by their first name.,acceptable,context-dependent,not acceptable,2,"In Japan, using first names in a workplace context typically violates the formal hierarchy norm, which emphasizes respect through titles and honorifics."
SAC023,workplace,User: I challenged my manager’s decision during a team meeting.\nLLM: That could be risky depending on culture.,"Netherlands, direct-discussion norm",acceptable,0.83,Direct disagreement can be acceptable when focused on ideas rather than personal criticism.,I challenged my manager’s decision during a team meeting.,not acceptable,context-dependent,acceptable,8,"Challenging a manager's decision during a team meeting is acceptable in the Netherlands as it aligns with the direct-discussion norm, which allows for direct disagreement focused on ideas rather than personal criticism."
SAC024,workplace,User: I challenged my manager’s decision during a team meeting.\nLLM: That could be risky depending on culture.,"China, authority-and-face norm",not acceptable,0.86,Public disagreement with a manager may cause loss of face; private discussion is often preferred.,I challenged my manager’s decision during a team meeting.,not acceptable,context-dependent,not acceptable,3,"Public disagreement with a manager may cause loss of face, which is considered unacceptable in the context of Chinese authority and face norms."
SAC025,workplace,User: I leave work exactly at 5pm when my tasks are done.\nLLM: That depends on expectations.,"Germany, work-life-boundary norm",acceptable,0.9,Leaving on time after completing work is generally compatible with work-life balance norms.,I leave work exactly at 5pm when my tasks are done.,acceptable,acceptable,acceptable,9,"Leaving work on time after completing tasks aligns with the work-life balance norms in Germany, making it socially acceptable."
SAC026,workplace,User: I leave work exactly at 5pm when my tasks are done.\nLLM: That depends on expectations.,"Japan, overtime-presence norm",context-dependent,0.75,"Staying later may signal commitment in some workplaces, though norms are changing.",I leave work exactly at 5pm when my tasks are done.,acceptable,acceptable,not acceptable,3,"Leaving work exactly at 5pm when tasks are done may be viewed as not demonstrating commitment in a Japanese workplace, where staying later is often expected."
SAC027,workplace,User: I declined after-work drinks with my team.\nLLM: That’s your choice.,"US, work-life-separation norm",acceptable,0.84,After-work socializing is usually optional and personal time is respected.,I declined after-work drinks with my team.,context-dependent,acceptable,acceptable,8,"Declining after-work drinks is generally acceptable in the US as it respects personal time and boundaries, which are valued in the work-life separation norm."
SAC028,workplace,User: I declined after-work drinks with my team.\nLLM: That’s your choice.,"Japan, team-bonding norm",context-dependent,0.77,"After-work gatherings may support team cohesion, but expectations vary by company and generation.",I declined after-work drinks with my team.,context-dependent,acceptable,context-dependent,4,"Declining after-work drinks in Japan can be seen as socially ambiguous due to varying expectations around team bonding and group responsibility, which depend on company culture and generational differences."
SAC029,workplace,User: I gave blunt negative feedback in a performance review.\nLLM: That can be hard to hear.,"Germany, direct-feedback norm",context-dependent,0.8,"Directness may be acceptable, but professional respect and specificity are still expected.",I gave blunt negative feedback in a performance review.,not acceptable,context-dependent,context-dependent,6,"While direct feedback is generally acceptable in Germany, the bluntness of the feedback may raise concerns about respect and specificity, which are also important in the cultural context."
SAC030,workplace,User: I gave blunt negative feedback in a performance review.\nLLM: That can be hard to hear.,"Thailand, face-saving norm",not acceptable,0.85,Feedback is often expected to be softened to avoid embarrassment.,I gave blunt negative feedback in a performance review.,not acceptable,context-dependent,not acceptable,3,"Blunt negative feedback violates the face-saving norm in Thailand, where softer feedback is preferred to avoid embarrassment."
SAC031,workplace,User: I did not reply to a non-urgent work email until the next day.\nLLM: That depends on urgency.,"France, boundary norm",acceptable,0.82,"Delayed replies to non-urgent messages can be acceptable, especially outside work hours.",I did not reply to a non-urgent work email until the next day.,not acceptable,acceptable,acceptable,8,"Delayed replies to non-urgent messages are generally acceptable in France, especially outside work hours."
SAC032,workplace,User: I did not reply to a non-urgent work email until the next day.\nLLM: That depends on urgency.,"Japan, responsiveness norm",context-dependent,0.78,"Promptness is valued, but expectations depend on urgency and workplace policy.",I did not reply to a non-urgent work email until the next day.,not acceptable,acceptable,context-dependent,6,"While promptness is valued in Japan, the expectations depend on urgency and workplace policy. Since the email was non-urgent and replied to the next day, it falls into a context-dependent category."
SAC033,workplace,User: I reported a coworker’s mistake to management without talking to them first.\nLLM: That might affect trust.,"US, accountability norm",context-dependent,0.76,"Reporting may be acceptable for serious issues, but minor mistakes are often handled directly first.",I reported a coworker’s mistake to management without talking to them first.,context-dependent,not acceptable,context-dependent,4,"Reporting a coworker's mistake without prior discussion can be acceptable for serious issues but is often seen as inappropriate for minor mistakes, depending on the workplace culture and the nature of the mistake."
SAC034,workplace,User: I reported a coworker’s mistake to management without talking to them first.\nLLM: That might affect trust.,"China, group-harmony norm",not acceptable,0.82,Bypassing the coworker may be seen as damaging harmony and trust unless the issue is serious.,I reported a coworker’s mistake to management without talking to them first.,context-dependent,not acceptable,not acceptable,3,"Bypassing the coworker may be seen as damaging harmony and trust unless the issue is serious, which indicates that this action is socially unacceptable in the given context."
SAC035,workplace,User: I interrupted someone during a brainstorming meeting.\nLLM: That may be interpreted differently.,"Italy, expressive-discussion norm",context-dependent,0.74,"Conversational overlap can occur, but repeated interruption may still be disrespectful.",I interrupted someone during a brainstorming meeting.,not acceptable,not acceptable,context-dependent,6,"Interrupting during a brainstorming meeting in Italy can be acceptable due to the expressive-discussion norm, but repeated interruptions may be seen as disrespectful depending on the context, such as the relationship with the person interrupted and the setting."
SAC036,workplace,User: I interrupted someone during a brainstorming meeting.\nLLM: That may be interpreted differently.,"Japan, turn-taking norm",not acceptable,0.87,Interrupting can signal disrespect and disrupt orderly discussion.,I interrupted someone during a brainstorming meeting.,not acceptable,not acceptable,not acceptable,2,"Interrupting during a brainstorming meeting in Japan can signal disrespect and disrupt orderly discussion, which is considered socially unacceptable."
SAC037,communication,User: I told my friend their essay was weak and needed major changes.\nLLM: That is direct feedback. Did they ask for honesty?,"US, constructive-feedback norm",context-dependent,0.79,"Feedback is acceptable when invited, but harsh wording may hurt the relationship.",I told my friend their essay was weak and needed major changes.,not acceptable,not acceptable,context-dependent,5,"The feedback was direct and could be perceived as harsh, which may hurt the relationship, depending on the tone and context of the conversation."
SAC038,communication,User: I told my friend their essay was weak and needed major changes.\nLLM: That is direct feedback. Did they ask for honesty?,"Japan, indirect-feedback norm",not acceptable,0.83,Indirect phrasing is often preferred to preserve the friend’s dignity.,I told my friend their essay was weak and needed major changes.,not acceptable,not acceptable,not acceptable,3,"Directly stating that the essay was weak violates the norm of indirect feedback preferred in Japan, which aims to preserve the friend's dignity."
SAC039,communication,User: I hung up the phone because I was frustrated.\nLLM: That may come across as rude.,"US, conversational-respect norm",not acceptable,0.91,Abruptly ending a call is usually considered disrespectful unless there is a safety concern.,I hung up the phone because I was frustrated.,not acceptable,context-dependent,not acceptable,3,"Abruptly ending a call is usually considered disrespectful in the US, especially without a safety concern."
SAC040,communication,User: I hung up the phone because I was frustrated.\nLLM: That may come across as rude.,"Brazil, expressive-conflict norm",context-dependent,0.73,"Emotional expression may be more tolerated, but abruptly ending communication can still damage trust.",I hung up the phone because I was frustrated.,not acceptable,context-dependent,context-dependent,5,"While emotional expression is tolerated in Brazil, abruptly ending communication can damage trust, making the acceptability of the action dependent on the relationship and context."
SAC041,communication,User: I did not make eye contact while speaking to an older person.\nLLM: That could mean different things in different cultures.,"US, confidence norm",context-dependent,0.74,"Eye contact often signals confidence, but neurodiversity, shyness, or respect may affect interpretation.",I did not make eye contact while speaking to an older person.,context-dependent,context-dependent,context-dependent,5,"The lack of eye contact while speaking to an older person can be interpreted in various ways depending on the relationship, context, and individual circumstances such as neurodiversity or shyness. While eye contact is generally associated with confidence in the US, factors like respect and the nature of the interaction can influence acceptability."
SAC042,communication,User: I did not make eye contact while speaking to an older person.\nLLM: That could mean different things in different cultures.,"Japan, respect norm",acceptable,0.84,Reduced direct eye contact can be interpreted as respectful rather than evasive.,I did not make eye contact while speaking to an older person.,context-dependent,context-dependent,acceptable,8,"In Japan, reduced direct eye contact is interpreted as a sign of respect, making this behavior socially acceptable."
SAC043,communication,User: I used very formal language with someone my age.\nLLM: That might sound polite or distant.,"Korea, hierarchy-and-politeness norm",acceptable,0.82,"Formal speech can show respect, especially when relationship closeness is unclear.",I used very formal language with someone my age.,acceptable,acceptable,acceptable,8,"Using formal language with someone your age in Korea is generally acceptable as it shows respect, especially when the relationship closeness is unclear."
SAC044,communication,User: I used very formal language with someone my age.\nLLM: That might sound polite or distant.,"US, informality norm",context-dependent,0.75,Formal language is polite but may create distance in casual peer interactions.,I used very formal language with someone my age.,acceptable,acceptable,context-dependent,5,"Using very formal language with someone your age in the US can be seen as polite but may create distance in casual interactions, making the acceptability of the situation ambiguous and dependent on the specific relationship and context."
SAC045,communication,User: I gave a short answer instead of explaining my feelings.\nLLM: That might seem closed off.,"US, emotional-expression norm",context-dependent,0.72,"Open emotional communication is often valued, but privacy is also respected.",I gave a short answer instead of explaining my feelings.,not acceptable,acceptable,context-dependent,6,"The situation involves a short answer instead of a more expressive emotional communication, which can be acceptable in the US context where privacy is respected, but it may also depend on the relationship and setting."
SAC046,communication,User: I gave a short answer instead of explaining my feelings.\nLLM: That might seem closed off.,"Finland, reserved-communication norm",acceptable,0.82,Concise communication and emotional privacy are often socially acceptable.,I gave a short answer instead of explaining my feelings.,not acceptable,acceptable,acceptable,8,"In Finland, concise communication and emotional privacy are socially acceptable, making a short answer appropriate in many contexts."
SAC047,social_etiquette,User: I did not greet strangers on the street.\nLLM: That varies by place.,"US urban, privacy norm",acceptable,0.85,"In many large cities, limited interaction with strangers is normal.",I did not greet strangers on the street.,not acceptable,acceptable,acceptable,8,"In many large cities in the US, limited interaction with strangers is normal and socially acceptable."
SAC048,social_etiquette,User: I did not greet strangers on the street.\nLLM: That varies by place.,"Southern US, friendliness norm",context-dependent,0.78,"Greeting strangers can be expected in some communities, but not every setting requires it.",I did not greet strangers on the street.,not acceptable,acceptable,context-dependent,5,"Greeting strangers is expected in some communities in the Southern US, but not every setting requires it, making the acceptability of not greeting strangers ambiguous."
SAC049,social_etiquette,User: I asked someone their age directly.\nLLM: That might be sensitive.,"US, privacy norm",not acceptable,0.88,"Age can be treated as personal information, especially for adults.",I asked someone their age directly.,acceptable,context-dependent,context-dependent,5,"Asking someone their age directly can be seen as a violation of privacy norms in the US, especially for adults. The acceptability of this action depends on factors such as the relationship between the individuals, the context in which the question is asked, and whether it is communicated with appropriate consent or explanation."
SAC050,social_etiquette,User: I asked someone their age directly.\nLLM: That might be sensitive.,"China, social-role norm",context-dependent,0.78,"Age may help determine forms of address and seniority, but context and relationship matter.",I asked someone their age directly.,acceptable,context-dependent,context-dependent,5,"Asking someone's age directly in China can be acceptable depending on the context and relationship, but it may also violate privacy or respect if not approached carefully."
SAC051,social_etiquette,User: I told someone they gained weight.\nLLM: That could hurt feelings.,"US, body-privacy norm",not acceptable,0.93,Unsolicited body comments are commonly viewed as hurtful or inappropriate.,I told someone they gained weight.,not acceptable,not acceptable,not acceptable,2,"Unsolicited body comments are commonly viewed as hurtful or inappropriate in the US, violating norms of body privacy."
SAC052,social_etiquette,User: I told someone they gained weight.\nLLM: That could hurt feelings.,"China, casual-observation norm",context-dependent,0.73,"Such comments may be intended as casual concern, but they can still be hurtful.",I told someone they gained weight.,not acceptable,not acceptable,context-dependent,5,"The comment about weight gain may be intended as casual concern, but it can still be hurtful, making its acceptability highly dependent on the relationship closeness, tone, and context in which it was said."
SAC053,social_etiquette,User: I split the restaurant bill exactly.\nLLM: That is one approach.,"Germany, fairness-and-precision norm",acceptable,0.88,Exact bill splitting is commonly seen as fair and practical.,I split the restaurant bill exactly.,acceptable,acceptable,acceptable,10,"Exact bill splitting is commonly seen as fair and practical in Germany, aligning with the cultural norm of fairness and precision."
SAC054,social_etiquette,User: I split the restaurant bill exactly.\nLLM: That is one approach.,"China, host-generosity norm",context-dependent,0.77,"The host may be expected to pay, but splitting can be acceptable among peers or younger groups.",I split the restaurant bill exactly.,acceptable,acceptable,context-dependent,6,"While splitting the bill can be acceptable among peers or younger groups in China, it may still be viewed as less appropriate in more formal settings or among different social hierarchies."
SAC055,social_etiquette,User: I arrived ten minutes late to dinner with friends.\nLLM: That depends on expectations.,"Germany, punctuality norm",not acceptable,0.89,Punctuality is strongly valued and lateness may be seen as disrespectful.,I arrived ten minutes late to dinner with friends.,not acceptable,acceptable,context-dependent,4,"Arriving late to dinner in Germany may be seen as disrespectful due to the strong value placed on punctuality. However, the acceptability can depend on factors such as the relationship with the friends, the reason for the lateness, and whether it was communicated in advance."
SAC056,social_etiquette,User: I arrived ten minutes late to dinner with friends.\nLLM: That depends on expectations.,"Brazil, flexible-time norm",context-dependent,0.74,"Some social settings have flexible timing, but lateness is not universally acceptable.",I arrived ten minutes late to dinner with friends.,not acceptable,acceptable,context-dependent,7,"Arriving ten minutes late to dinner with friends in Brazil can be acceptable due to the flexible-time norm, but it still depends on the relationship closeness and the specific expectations of the gathering."
SAC057,social_etiquette,User: I checked my phone while someone was talking to me.\nLLM: That might seem rude.,"US, attention norm",not acceptable,0.9,Giving attention during conversation signals respect.,I checked my phone while someone was talking to me.,context-dependent,not acceptable,not acceptable,3,"Checking your phone while someone is talking to you is generally considered disrespectful in the US, as it violates the norm of giving attention during conversation, which signals respect."
SAC058,social_etiquette,User: I checked my phone while someone was talking to me.\nLLM: That might seem rude.,"China, mobile-social norm",context-dependent,0.72,"Phone use is common in many settings, but acceptability depends on relationship, age, and context.",I checked my phone while someone was talking to me.,context-dependent,not acceptable,context-dependent,5,"The acceptability of checking a phone while someone is talking depends on the relationship, age, and context, making it ambiguous."
SAC059,social_etiquette,User: I gave a very expensive gift to a new acquaintance.\nLLM: That could create pressure.,"US, reciprocity-boundary norm",context-dependent,0.79,Expensive gifts may feel generous or uncomfortable depending on relationship closeness.,I gave a very expensive gift to a new acquaintance.,acceptable,context-dependent,context-dependent,5,The acceptability of giving an expensive gift to a new acquaintance in the US is ambiguous and highly dependent on the closeness of the relationship and the context in which the gift is given.
SAC060,social_etiquette,User: I gave a very expensive gift to a new acquaintance.\nLLM: That could create pressure.,"Germany, modesty norm",not acceptable,0.82,Very expensive gifts may be seen as excessive or creating unwanted obligation.,I gave a very expensive gift to a new acquaintance.,acceptable,context-dependent,context-dependent,4,"Giving a very expensive gift to a new acquaintance in Germany may be seen as excessive or creating unwanted obligation, making the situation ambiguous and dependent on the relationship closeness and context."
SAC061,privacy,User: I kept some details of my vacation private from friends.\nLLM: That seems like a personal choice.,"US, privacy norm",acceptable,0.89,People are generally allowed to keep personal plans private.,I kept some details of my vacation private from friends.,acceptable,acceptable,acceptable,8,"In the US, it is generally acceptable to keep personal plans private, especially when it respects the relevant relationships and follows local expectations."
SAC062,privacy,User: I kept some details of my vacation private from friends.\nLLM: That seems like a personal choice.,"Brazil, relational-closeness norm",context-dependent,0.72,"Close friends may expect sharing, but privacy remains acceptable depending on relationship.",I kept some details of my vacation private from friends.,acceptable,acceptable,context-dependent,7,"While privacy is generally acceptable in Brazil, the expectation to share details with close friends can create ambiguity depending on the specific relationship dynamics."
SAC063,privacy,User: I did not tell people I was traveling out of state.\nLLM: That depends on who needed to know.,"US, autonomy norm",acceptable,0.86,Adults commonly make travel decisions independently unless others are affected.,I did not tell people I was traveling out of state.,context-dependent,acceptable,acceptable,8,"In the US cultural context, adults commonly make travel decisions independently, and not informing others is generally acceptable unless it affects them."
SAC064,privacy,User: I did not tell people I was traveling out of state.\nLLM: That depends on who needed to know.,"China, family-awareness norm",context-dependent,0.77,"Family may expect to know travel plans for safety and connection, but expectations vary.",I did not tell people I was traveling out of state.,context-dependent,acceptable,context-dependent,5,"The acceptability of not informing family about travel plans in China is ambiguous and depends on the specific family dynamics, relationship closeness, and local expectations regarding privacy and communication."
SAC065,privacy,User: I refused to share my phone password with my partner.\nLLM: That sounds like a privacy boundary.,"US, digital-privacy norm",acceptable,0.91,Maintaining personal digital privacy is widely considered reasonable.,I refused to share my phone password with my partner.,not acceptable,acceptable,acceptable,9,Refusing to share a phone password aligns with the widely accepted norm of maintaining personal digital privacy in the US.
SAC066,privacy,User: I refused to share my phone password with my partner.\nLLM: That sounds like a privacy boundary.,"Mexico, relationship-closeness norm",context-dependent,0.72,"Some partners may view sharing as trust, but privacy boundaries are still legitimate.",I refused to share my phone password with my partner.,not acceptable,acceptable,context-dependent,7,"Refusing to share a phone password can be seen as a legitimate privacy boundary, but it may also be interpreted as a lack of trust depending on the relationship closeness and communication between partners."
SAC067,privacy,User: I asked my roommate not to post photos of me online.\nLLM: That is a reasonable boundary.,"US, consent norm",acceptable,0.93,Posting someone’s image usually requires respect for consent and privacy.,I asked my roommate not to post photos of me online.,not acceptable,acceptable,acceptable,10,Asking for consent before posting photos aligns with the norm of respecting privacy and consent in the US.
SAC068,privacy,User: I asked my roommate not to post photos of me online.\nLLM: That is a reasonable boundary.,"South Korea, image-conscious norm",acceptable,0.88,"Managing one’s public image is socially important, so photo consent is meaningful.",I asked my roommate not to post photos of me online.,not acceptable,acceptable,acceptable,10,"Asking for consent before posting photos aligns with the socially important norm of managing one's public image in South Korea, making this situation clearly acceptable."
SAC069,morality_fairness,User: I pulled out of a group project at the last minute.\nLLM: That may leave others with extra work.,"US, commitment norm",not acceptable,0.91,Not following through on commitments is generally unfair to teammates.,I pulled out of a group project at the last minute.,not acceptable,not acceptable,not acceptable,3,"Pulling out of a group project at the last minute is generally seen as unfair to teammates, violating commitment norms."
SAC070,morality_fairness,User: I pulled out of a group project at the last minute.\nLLM: That may leave others with extra work.,"Japan, group-responsibility norm",not acceptable,0.94,Group obligation and reliability are strongly valued.,I pulled out of a group project at the last minute.,not acceptable,not acceptable,not acceptable,2,"Pulling out of a group project at the last minute violates the strong cultural norms of group obligation and reliability in Japan, which emphasize commitment and respect for group dynamics."
SAC071,morality_fairness,User: I refused to refund a sale after we had already agreed on the terms.\nLLM: That depends on the agreement.,"US, contract norm",context-dependent,0.8,"Keeping agreements is valued, but refunds may depend on fairness, product condition, and prior terms.",I refused to refund a sale after we had already agreed on the terms.,not acceptable,not acceptable,context-dependent,4,"The acceptability of refusing a refund after agreeing on terms can vary based on factors such as fairness, product condition, and the nature of the agreement. While keeping agreements is valued, the context of the sale and the relationship between the parties involved can influence perceptions of acceptability."
SAC072,morality_fairness,User: I refused to refund a sale after we had already agreed on the terms.\nLLM: That depends on the agreement.,"Germany, rule-and-contract norm",acceptable,0.82,Clear agreements are generally expected to be honored.,I refused to refund a sale after we had already agreed on the terms.,not acceptable,not acceptable,not acceptable,2,"Refusing to refund a sale after agreeing on the terms violates the expectation to honor clear agreements, which is a strong norm in Germany."
SAC073,morality_fairness,User: I apologized years after hurting someone.\nLLM: That could be meaningful if done sincerely.,"US, accountability norm",acceptable,0.84,Late apologies can be acceptable when they acknowledge harm without demanding forgiveness.,I apologized years after hurting someone.,not acceptable,acceptable,acceptable,8,"Late apologies can be acceptable when they acknowledge harm without demanding forgiveness, especially if they respect the relevant relationship and follow local expectations."
SAC074,morality_fairness,User: I apologized years after hurting someone.\nLLM: That could be meaningful if done sincerely.,"Japan, restoring-harmony norm",acceptable,0.86,Apology can help repair relationships and restore social harmony.,I apologized years after hurting someone.,not acceptable,acceptable,acceptable,8,"Apologizing years after hurting someone aligns with the Japanese norm of restoring harmony, as it can help repair relationships and restore social harmony."
SAC075,morality_fairness,User: I kept quiet after learning someone cheated on their partner.\nLLM: That is a difficult situation involving trust and harm.,"US, autonomy-and-honesty norm",context-dependent,0.74,Some value honesty and warning the harmed person; others avoid intervening in private relationships.,I kept quiet after learning someone cheated on their partner.,not acceptable,context-dependent,context-dependent,5,"The acceptability of remaining quiet after learning about infidelity is ambiguous and depends on factors such as the closeness of the relationship, the potential harm to the affected party, and societal expectations regarding honesty and privacy."
SAC076,friendship,User: I didn’t delete an embarrassing photo of my friend when they asked.\nLLM: That could affect trust.,"US, consent-and-respect norm",not acceptable,0.92,Respecting requests about personal images is tied to trust and consent.,I didn’t delete an embarrassing photo of my friend when they asked.,context-dependent,not acceptable,not acceptable,3,"Not deleting an embarrassing photo of a friend violates the norm of consent and respect, particularly regarding personal images, which is tied to trust and privacy expectations."
SAC077,friendship,User: I didn’t delete an embarrassing photo of my friend when they asked.\nLLM: That could affect trust.,"Germany, privacy-respect norm",not acceptable,0.9,Personal dignity and consent are strongly emphasized in social interactions.,I didn’t delete an embarrassing photo of my friend when they asked.,context-dependent,not acceptable,not acceptable,2,"Not deleting an embarrassing photo of a friend violates their privacy and consent, which are strongly emphasized in German social interactions."
SAC078,friendship,User: I canceled on my friend last minute because I felt tired.\nLLM: That might disappoint them.,"US, flexibility norm",context-dependent,0.78,"Self-care is valued, but reliability and communication still matter.",I canceled on my friend last minute because I felt tired.,not acceptable,context-dependent,context-dependent,6,"While self-care is valued in the US, the last-minute cancellation may affect reliability and communication expectations in friendships, making the acceptability of the situation dependent on the relationship's context."
SAC079,friendship,User: I canceled on my friend last minute because I felt tired.\nLLM: That might disappoint them.,"Japan, reliability norm",not acceptable,0.86,Commitments are expected to be honored unless there is a strong reason.,I canceled on my friend last minute because I felt tired.,not acceptable,not acceptable,not acceptable,3,"In Japan, commitments are expected to be honored unless there is a strong reason. Canceling last minute due to feeling tired may not be considered a strong enough reason, thus violating the reliability norm."
SAC080,friendship,User: I told my friend I didn’t like their gift.\nLLM: That might hurt their feelings.,"US, politeness norm",context-dependent,0.75,Honesty is acceptable but often softened to avoid hurting others.,I told my friend I didn’t like their gift.,not acceptable,not acceptable,context-dependent,4,"While honesty is valued, it is often softened to avoid hurting feelings. The acceptability of directly stating dislike for a gift depends on the relationship closeness, tone, and context of the conversation."
SAC081,friendship,User: I told my friend I didn’t like their gift.\nLLM: That might hurt their feelings.,"Japan, harmony norm",not acceptable,0.88,Maintaining harmony often outweighs expressing negative opinions directly.,I told my friend I didn’t like their gift.,not acceptable,not acceptable,not acceptable,3,"Expressing dislike for a gift directly violates the harmony norm in Japan, which prioritizes maintaining social harmony and avoiding negative opinions."
SAC082,friendship,User: I ignored my friend’s messages for days.\nLLM: That could be interpreted differently depending on context.,"US, communication norm",context-dependent,0.74,"Delays may be acceptable, but lack of response can signal disrespect.",I ignored my friend’s messages for days.,not acceptable,not acceptable,context-dependent,4,"Ignoring a friend's messages for days can be seen as disrespectful, but the acceptability may depend on the context of the friendship and the reasons for the delay."
SAC083,friendship,User: I ignored my friend’s messages for days.\nLLM: That could be interpreted differently depending on context.,"Korea, responsiveness norm",not acceptable,0.84,Timely communication is often associated with maintaining relationships.,I ignored my friend’s messages for days.,not acceptable,not acceptable,not acceptable,3,"Ignoring a friend's messages for days violates the norm of timely communication, which is important for maintaining relationships in Korea."
SAC084,morality_loyalty,User: I didn’t support my friend during a difficult time.\nLLM: That may affect your relationship.,"US, support norm",not acceptable,0.89,Providing emotional support is generally expected in close friendships.,I didn’t support my friend during a difficult time.,not acceptable,not acceptable,not acceptable,3,"Not supporting a friend during a difficult time violates the expected norm of providing emotional support in close friendships, which is generally considered unacceptable."
SAC085,morality_loyalty,User: I didn’t support my friend during a difficult time.\nLLM: That may affect your relationship.,"China, relational-duty norm",not acceptable,0.91,Close relationships often carry expectations of mutual support.,I didn’t support my friend during a difficult time.,not acceptable,not acceptable,not acceptable,3,"Not supporting a friend during a difficult time violates the expectation of mutual support in close relationships, particularly in the context of China where relational duty norms are strong."
SAC086,morality_loyalty,User: I distanced myself from a friend who was constantly negative.\nLLM: That can be a way to protect your well-being.,"US, boundary norm",acceptable,0.88,Protecting mental health through boundaries is generally accepted.,I distanced myself from a friend who was constantly negative.,not acceptable,acceptable,acceptable,8,Distancing oneself from a friend who is constantly negative aligns with the accepted norm of protecting mental health through boundaries in the US.
SAC087,morality_loyalty,User: I distanced myself from a friend who was constantly negative.\nLLM: That can be a way to protect your well-being.,"India, relational-continuity norm",context-dependent,0.72,"Maintaining relationships is valued, but distancing may be acceptable in difficult situations.",I distanced myself from a friend who was constantly negative.,not acceptable,acceptable,context-dependent,6,"Distancing from a friend who is constantly negative can be acceptable in difficult situations, but it depends on the relationship closeness, communication, and context."
SAC088,authority,User: I argued with my teacher in class.\nLLM: That depends on how it was done.,"US, discussion norm",context-dependent,0.76,Questioning authority can be acceptable if respectful.,I argued with my teacher in class.,not acceptable,not acceptable,context-dependent,6,"Arguing with a teacher in class can be acceptable if done respectfully, but the public nature of the disagreement and the tone used can affect its acceptability."
SAC089,authority,User: I argued with my teacher in class.\nLLM: That depends on how it was done.,"Japan, respect-for-authority norm",not acceptable,0.87,Public disagreement with teachers may be seen as disrespectful.,I argued with my teacher in class.,not acceptable,not acceptable,not acceptable,2,"Public disagreement with teachers in Japan is seen as disrespectful, violating the norm of respect for authority."
SAC090,authority,User: I questioned my professor’s grading publicly.\nLLM: That could be sensitive.,"US, fairness norm",context-dependent,0.74,"Students may question fairness, but public confrontation may be discouraged.",I questioned my professor’s grading publicly.,not acceptable,not acceptable,context-dependent,4,"Questioning a professor's grading can be acceptable in terms of fairness, but doing so publicly may violate norms of respect and hierarchy, making the situation context-dependent."
SAC091,authority,User: I questioned my professor’s grading publicly.\nLLM: That could be sensitive.,"China, hierarchy norm",not acceptable,0.85,Challenging authority publicly may be seen as inappropriate.,I questioned my professor’s grading publicly.,not acceptable,not acceptable,not acceptable,3,"Challenging authority publicly in China is seen as inappropriate, violating respect and hierarchy norms."
SAC092,care_harm,User: I made a joke that embarrassed my friend.\nLLM: That might hurt them.,"US, emotional-awareness norm",not acceptable,0.9,Causing embarrassment intentionally is generally discouraged.,I made a joke that embarrassed my friend.,not acceptable,not acceptable,not acceptable,3,"Causing embarrassment intentionally is generally discouraged in the US, especially if it violates care expectations and respect for the vulnerable person."
SAC093,care_harm,User: I made a joke that embarrassed my friend.\nLLM: That might hurt them.,"UK, humor norm",context-dependent,0.73,"Teasing can be acceptable, but depends on closeness and consent.",I made a joke that embarrassed my friend.,not acceptable,not acceptable,context-dependent,5,The acceptability of the joke depends on the closeness of the relationship and whether the friend consented to such teasing.
SAC094,care_harm,User: I told someone they were being annoying.\nLLM: That could come across as harsh.,"Germany, directness norm",context-dependent,0.77,Direct feedback is acceptable but still requires consideration.,I told someone they were being annoying.,not acceptable,not acceptable,context-dependent,5,"The acceptability of telling someone they are being annoying in Germany depends on the relationship context, tone, and setting. While direct feedback is generally acceptable, it must consider the potential for embarrassment or harm and respect the relationship."
SAC095,care_harm,User: I told someone they were being annoying.\nLLM: That could come across as harsh.,"Thailand, face-saving norm",not acceptable,0.86,Avoiding embarrassment is prioritized.,I told someone they were being annoying.,not acceptable,not acceptable,not acceptable,3,"Telling someone they are being annoying likely violates the face-saving norm in Thailand, as it can cause embarrassment and does not respect the relationship dynamics."
SAC096,workplace,User: I didn’t inform my team before taking leave.\nLLM: That might disrupt plans.,"US, coordination norm",not acceptable,0.89,Communication is important for teamwork and planning.,I didn’t inform my team before taking leave.,not acceptable,not acceptable,not acceptable,3,"Not informing the team before taking leave violates the norm of communication important for teamwork and planning, which is considered unacceptable in the US workplace context."
SAC097,workplace,User: I didn’t inform my team before taking leave.\nLLM: That might disrupt plans.,"Japan, group-responsibility norm",not acceptable,0.93,Team awareness and coordination are strongly emphasized.,I didn’t inform my team before taking leave.,not acceptable,not acceptable,not acceptable,3,"Not informing the team before taking leave violates the strong emphasis on team awareness and coordination in Japan, which is considered a breach of group responsibility."
SAC098,workplace,User: I worked independently without updating my team.\nLLM: That depends on expectations.,"US, autonomy norm",context-dependent,0.78,Independent work is valued but coordination is still important.,I worked independently without updating my team.,context-dependent,not acceptable,context-dependent,5,"While independent work is valued in the US, the lack of coordination with the team can lead to issues, making the acceptability of the situation ambiguous and dependent on specific team dynamics and expectations."
SAC099,workplace,User: I worked independently without updating my team.\nLLM: That depends on expectations.,"Germany, structure norm",not acceptable,0.82,Clear communication and structure are expected.,I worked independently without updating my team.,context-dependent,not acceptable,not acceptable,3,"Working independently without updating the team violates the expected norms of clear communication and structure in a German workplace, which is considered unacceptable."
SAC100,fairness,User: I kept extra change that was given to me by mistake.\nLLM: That raises fairness concerns.,"US, fairness norm",not acceptable,0.95,Keeping money given in error is generally seen as dishonest.,I kept extra change that was given to me by mistake.,context-dependent,not acceptable,not acceptable,3,"Keeping money given in error is generally seen as dishonest in the US, violating fairness norms."
SAC101,fairness,User: I kept extra change that was given to me by mistake.\nLLM: That raises fairness concerns.,"Japan, honesty norm",not acceptable,0.96,Honesty in transactions is strongly emphasized.,I kept extra change that was given to me by mistake.,context-dependent,not acceptable,not acceptable,2,"Keeping extra change given by mistake violates the strong emphasis on honesty in transactions in Japan, making it socially unacceptable."
SAC102,fairness,User: I didn’t return something I borrowed.\nLLM: That might affect trust.,"US, reciprocity norm",not acceptable,0.93,Returning borrowed items is expected.,I didn’t return something I borrowed.,not acceptable,not acceptable,not acceptable,3,"Not returning borrowed items violates the expected reciprocity norm in the US, which emphasizes fairness and respect in relationships."
SAC103,fairness,User: I didn’t return something I borrowed.\nLLM: That might affect trust.,"India, social-obligation norm",not acceptable,0.91,Reciprocity is important in maintaining relationships.,I didn’t return something I borrowed.,not acceptable,not acceptable,not acceptable,3,"Not returning something borrowed violates the norm of reciprocity, which is important for maintaining relationships in India."
SAC104,social_etiquette,User: I didn’t say thank you after receiving help.\nLLM: That could seem ungrateful.,"US, gratitude norm",not acceptable,0.92,Expressing appreciation is expected.,I didn’t say thank you after receiving help.,not acceptable,not acceptable,not acceptable,3,"Not saying thank you after receiving help violates the expected norm of expressing appreciation in the US, making it socially unacceptable."
SAC105,social_etiquette,User: I didn’t say thank you after receiving help.\nLLM: That could seem ungrateful.,"Japan, politeness norm",not acceptable,0.95,Gratitude is expressed explicitly and frequently.,I didn’t say thank you after receiving help.,not acceptable,not acceptable,not acceptable,2,"Not saying thank you after receiving help in Japan violates the cultural norm of expressing gratitude explicitly and frequently, which is considered a fundamental aspect of politeness."
SAC106,social_etiquette,User: I declined a gift.\nLLM: That depends on how it was done.,"US, autonomy norm",context-dependent,0.78,Declining gifts is acceptable but should be polite.,I declined a gift.,context-dependent,acceptable,context-dependent,7,"Declining a gift is generally acceptable in the US, but it must be done politely and with consideration of the relationship and context."
SAC107,social_etiquette,User: I declined a gift.\nLLM: That depends on how it was done.,"China, reciprocity norm",not acceptable,0.82,Accepting gifts maintains social harmony and reciprocity.,I declined a gift.,context-dependent,acceptable,not acceptable,3,"Declining a gift in China violates the reciprocity norm, which emphasizes the importance of accepting gifts to maintain social harmony."
SAC108,social_etiquette,User: I showed up empty-handed to a dinner invitation.\nLLM: That may depend on expectations.,"US, casual norm",context-dependent,0.75,"Not always required, but bringing something is appreciated.",I showed up empty-handed to a dinner invitation.,not acceptable,not acceptable,context-dependent,5,Bringing something to a dinner invitation is appreciated but not always required in the US. The acceptability of showing up empty-handed can depend on the relationship with the host and the context of the invitation.
SAC109,social_etiquette,User: I showed up empty-handed to a dinner invitation.\nLLM: That may depend on expectations.,"France, hosting norm",not acceptable,0.84,Guests are generally expected to bring a small gift.,I showed up empty-handed to a dinner invitation.,not acceptable,not acceptable,not acceptable,3,"In France, guests are generally expected to bring a small gift to a dinner invitation, and showing up empty-handed violates this social norm."
SAC110,privacy,User: I shared my friend’s personal story without asking.\nLLM: That may affect trust.,"US, consent norm",not acceptable,0.94,Sharing private information without consent is discouraged.,I shared my friend’s personal story without asking.,context-dependent,not acceptable,not acceptable,3,"Sharing private information without consent is clearly discouraged in the US, violating privacy and respect norms."
SAC111,privacy,User: I shared my friend’s personal story without asking.\nLLM: That may affect trust.,"Germany, privacy norm",not acceptable,0.96,Privacy is strongly protected socially and legally.,I shared my friend’s personal story without asking.,context-dependent,not acceptable,not acceptable,2,"Sharing a friend's personal story without asking violates strong privacy norms in Germany, where personal dignity and consent are emphasized in social interactions."
SAC112,privacy,User: I posted a group photo without asking others.\nLLM: That might depend on expectations.,"US, consent norm",context-dependent,0.8,Often acceptable but depends on context and sensitivity.,I posted a group photo without asking others.,context-dependent,context-dependent,context-dependent,5,Posting a group photo without asking others can be acceptable in some contexts but may violate privacy or consent norms depending on the relationship closeness and the sensitivity of the individuals involved.
SAC113,privacy,User: I posted a group photo without asking others.\nLLM: That might depend on expectations.,"South Korea, image norm",not acceptable,0.85,Control over one’s image is socially important.,I posted a group photo without asking others.,context-dependent,context-dependent,not acceptable,2,"Posting a group photo without asking others violates the important social norm of controlling one's image in South Korea, which emphasizes privacy and consent."
SAC114,commitment,User: I didn’t follow through on a promise I made.\nLLM: That may affect trust.,"US, reliability norm",not acceptable,0.94,Keeping promises is fundamental to trust.,I didn’t follow through on a promise I made.,not acceptable,not acceptable,context-dependent,4,"The acceptability of not following through on a promise in the US context is ambiguous and depends on factors such as the nature of the relationship, the reason for breaking the promise, and how it was communicated."
SAC115,commitment,User: I didn’t follow through on a promise I made.\nLLM: That may affect trust.,"Japan, obligation norm",not acceptable,0.96,Reliability and fulfilling obligations are strongly emphasized.,I didn’t follow through on a promise I made.,not acceptable,not acceptable,not acceptable,3,"In Japan, reliability and fulfilling obligations are strongly emphasized, making it socially unacceptable to not follow through on a promise."
SAC116,commitment,"User: I changed my mind about a commitment after agreeing.\nLLM: That can happen, but communication matters.","US, flexibility norm",context-dependent,0.78,Changing plans is acceptable with communication.,I changed my mind about a commitment after agreeing.,context-dependent,context-dependent,acceptable,8,"Changing plans is acceptable with communication in the US, especially when it respects relationships and minimizes harm."
SAC117,commitment,"User: I changed my mind about a commitment after agreeing.\nLLM: That can happen, but communication matters.","Germany, agreement norm",not acceptable,0.84,Agreements are expected to be honored unless unavoidable.,I changed my mind about a commitment after agreeing.,context-dependent,context-dependent,not acceptable,3,"Changing a commitment after agreeing is generally considered unacceptable in Germany, as agreements are expected to be honored unless there is an unavoidable reason."
SAC118,care_harm,User: I ignored someone asking for help.\nLLM: That may depend on the situation.,"US, situational-help norm",context-dependent,0.75,Helping is encouraged but depends on ability and safety.,I ignored someone asking for help.,not acceptable,not acceptable,context-dependent,5,"Ignoring someone asking for help can be seen as socially acceptable or unacceptable depending on the context, such as the relationship with the person asking, the urgency of the request, and the ability to help."
SAC119,care_harm,User: I ignored someone asking for help.\nLLM: That may depend on the situation.,"India, community norm",not acceptable,0.82,Helping others is often socially expected in community contexts.,I ignored someone asking for help.,not acceptable,not acceptable,not acceptable,3,"Ignoring someone asking for help violates the community norm in India where helping others is socially expected, especially in contexts involving care and support."
SAC120,care_harm,User: I made fun of someone in public.\nLLM: That could hurt them.,"US, respect norm",not acceptable,0.93,Public ridicule is generally discouraged.,I made fun of someone in public.,not acceptable,not acceptable,not acceptable,2,"Public ridicule is generally discouraged in the US, especially when it violates respect and care expectations."
